
     Program BANDS v.7.5 starts on 18Sep2026 at 18: 2:37 

     This program is part of the open-source Quantum ESPRESSO suite
     for quantum simulation of materials; please cite
         "P. Giannozzi et al., J. Phys.:Condens. Matter 21 395502 (2009);
         "P. Giannozzi et al., J. Phys.:Condens. Matter 29 465901 (2017);
         "P. Giannozzi et al., J. Chem. Phys. 152 154105 (2020);
          URL http://www.quantum-espresso.org", 
     in publications or presentations arising from this work. More details at
     http://www.quantum-espresso.org/quote

     Parallel version (MPI), running on     1 processors

     MPI processes distributed on     1 nodes
     6772 MiB available memory on the printing compute node when the environment starts


     Reading xml data from directory:

     ./tmp/graphene.save/
     file C.pbesol-n-kjpaw_psl.1.0.0.UPF: wavefunction(s)  2S 2P renormalized

     IMPORTANT: XC functional enforced from input :
     Exchange-correlation= PBESOL
                           (   1   4  10   8   0   0   0)
     Any further DFT definition will be discarded
     Please, verify this is what you really want


     G-vector sticks info
     --------------------
     sticks:   dense  smooth     PW     G-vecs:    dense   smooth      PW
     Sum         535     265     85                64893    22953    4225

     Using Slab Decomposition


     Check: negative core charge=   -0.000005

     negative rho (up, down):  2.289E-04 0.000E+00
     Reading collected, re-writing distributed wavefunctions
     high-symmetry point:  0.0000 0.0000 0.0000   x coordinate   0.0000
     high-symmetry point:  0.5000 0.2887 0.0000   x coordinate   0.5774
     high-symmetry point:  0.3333 0.5774 0.0000   x coordinate   0.9107
     high-symmetry point:  0.0000 0.0000 0.0000   x coordinate   1.5774

     Plottable bands (eV) written to file graphene_bands.dat.gnu
     Bands written to file graphene_bands.dat

 **************************************************************************

                    xk=(   0.00000,   0.00000,   0.00000  )

     point group D_6h(6/mmm)
     there are 12 classes
     the character table:

       E     2C6   2C3   C2    3C2'  3C2'' i     2S3   2S6   s_h   3s_d  3s_v 
A_1g   1.00  1.00  1.00  1.00  1.00  1.00  1.00  1.00  1.00  1.00  1.00  1.00
A_2g   1.00  1.00  1.00  1.00 -1.00 -1.00  1.00  1.00  1.00  1.00 -1.00 -1.00
B_1g   1.00 -1.00  1.00 -1.00  1.00 -1.00  1.00 -1.00  1.00 -1.00  1.00 -1.00
B_2g   1.00 -1.00  1.00 -1.00 -1.00  1.00  1.00 -1.00  1.00 -1.00 -1.00  1.00
E_1g   2.00  1.00 -1.00 -2.00  0.00  0.00  2.00  1.00 -1.00 -2.00  0.00  0.00
E_2g   2.00 -1.00 -1.00  2.00  0.00  0.00  2.00 -1.00 -1.00  2.00  0.00  0.00
A_1u   1.00  1.00  1.00  1.00  1.00  1.00 -1.00 -1.00 -1.00 -1.00 -1.00 -1.00
A_2u   1.00  1.00  1.00  1.00 -1.00 -1.00 -1.00 -1.00 -1.00 -1.00  1.00  1.00
B_1u   1.00 -1.00  1.00 -1.00  1.00 -1.00 -1.00  1.00 -1.00  1.00 -1.00  1.00
B_2u   1.00 -1.00  1.00 -1.00 -1.00  1.00 -1.00  1.00 -1.00  1.00  1.00 -1.00
E_1u   2.00  1.00 -1.00 -2.00  0.00  0.00 -2.00 -1.00  1.00  2.00  0.00  0.00
E_2u   2.00 -1.00 -1.00  2.00  0.00  0.00 -2.00  1.00  1.00 -2.00  0.00  0.00

     the symmetry operations in each class and the name of the first element:

     E        1
                                                                 
     2C6      5    6
                                                                 
     2C3      7    8
                                                                 
     C2       2
                                                                 
     3C2'     4   12   11
                                                                 
     3C2''    3    9   10
                                                                 
     i       13
                                                                 
     2S3     17   18
                                                                 
     2S6     19   20
                                                                 
     s_h     14
                                                                 
     3s_d    16   24   23
                                                                 
     3s_v    15   21   22
                                                                 

     Band symmetry, D_6h(6/mmm) point group:

     e(  1 -  1) =    -21.49807  eV     1   --> A_1g           
     e(  2 -  2) =     -9.64428  eV     1   --> A_2u           
     e(  3 -  4) =     -4.91983  eV     2   --> E_2g           
     e(  5 -  5) =      1.32930  eV     1   --> A_1g           
     e(  6 -  6) =      2.09867  eV     1   --> A_2u           
     e(  7 -  7) =      2.27214  eV     1   --> A_1g           
     e(  8 -  8) =      4.00973  eV     1   --> A_2u           
     e(  9 -  9) =      4.67735  eV     1   --> A_1g           
     e( 10 - 11) =      6.46329  eV     2   --> E_1u           
     e( 12 - 12) =      7.44465  eV     1   --> A_2u           
     e( 13 - 13) =      8.40473  eV     1   --> A_1g           
     e( 14 - 14) =      9.66902  eV     1   --> B_1g           
     e( 15 - 15) =     10.96017  eV     1   --> B_2u           
     e( 16 - 16) =     12.12003  eV     1   --> A_2u           

 **************************************************************************

 **************************************************************************

                    xk=(   0.01000,   0.00577,   0.00000  )

     point group C_2v (mm2) 
     there are  4 classes
     the character table:

       E     C2    s_v   s_v' 
A_1    1.00  1.00  1.00  1.00
A_2    1.00  1.00 -1.00 -1.00
B_1    1.00 -1.00  1.00 -1.00
B_2    1.00 -1.00 -1.00  1.00

     the symmetry operations in each class and the name of the first element:

     E        1
                                                                 
     C2       2
                                                                 
     s_v      3
                                                                 
     s_v'     4
                                                                 

     Band symmetry, C_2v (mm2)  point group:

     e(  1 -  1) =    -21.49568  eV     1   --> A_1  D_1  S_1  
     e(  2 -  2) =     -9.64142  eV     1   --> B_2  D_4  S_4  
     e(  3 -  3) =     -4.92974  eV     1   --> A_1  D_1  S_1  
     e(  4 -  4) =     -4.92517  eV     1   --> B_1  D_3  S_3  
     e(  5 -  5) =      1.33255  eV     1   --> A_1  D_1  S_1  
     e(  6 -  6) =      2.10195  eV     1   --> B_2  D_4  S_4  
     e(  7 -  7) =      2.27542  eV     1   --> A_1  D_1  S_1  
     e(  8 -  8) =      4.01298  eV     1   --> B_2  D_4  S_4  
     e(  9 -  9) =      4.68056  eV     1   --> A_1  D_1  S_1  
     e( 10 - 10) =      6.46474  eV     1   --> A_1  D_1  S_1  
     e( 11 - 11) =      6.47385  eV     1   --> B_1  D_3  S_3  
     e( 12 - 12) =      7.44783  eV     1   --> B_2  D_4  S_4  
     e( 13 - 13) =      8.40804  eV     1   --> A_1  D_1  S_1  
     e( 14 - 14) =      9.66053  eV     1   --> B_2  D_4  S_4  
     e( 15 - 15) =     10.96415  eV     1   --> A_1  D_1  S_1  
     e( 16 - 16) =     12.12305  eV     1   --> B_2  D_4  S_4  

 **************************************************************************

 **************************************************************************

                    xk=(   0.02000,   0.01155,   0.00000  )

     Band symmetry, C_2v (mm2)  point group:

     e(  1 -  1) =    -21.48853  eV     1   --> A_1  D_1  S_1  
     e(  2 -  2) =     -9.63283  eV     1   --> B_2  D_4  S_4  
     e(  3 -  3) =     -4.95939  eV     1   --> A_1  D_1  S_1  
     e(  4 -  4) =     -4.94114  eV     1   --> B_1  D_3  S_3  
     e(  5 -  5) =      1.34228  eV     1   --> A_1  D_1  S_1  
     e(  6 -  6) =      2.11180  eV     1   --> B_2  D_4  S_4  
     e(  7 -  7) =      2.28528  eV     1   --> A_1  D_1  S_1  
     e(  8 -  8) =      4.02272  eV     1   --> B_2  D_4  S_4  
     e(  9 -  9) =      4.69022  eV     1   --> A_1  D_1  S_1  
     e( 10 - 10) =      6.46895  eV     1   --> A_1  D_1  S_1  
     e( 11 - 11) =      6.50544  eV     1   --> B_1  D_3  S_3  
     e( 12 - 12) =      7.45738  eV     1   --> B_2  D_4  S_4  
     e( 13 - 13) =      8.41799  eV     1   --> A_1  D_1  S_1  
     e( 14 - 14) =      9.63511  eV     1   --> B_2  D_4  S_4  
     e( 15 - 15) =     10.97612  eV     1   --> A_1  D_1  S_1  
     e( 16 - 16) =     12.13213  eV     1   --> B_2  D_4  S_4  

 **************************************************************************

 **************************************************************************

                    xk=(   0.03000,   0.01732,   0.00000  )

     Band symmetry, C_2v (mm2)  point group:

     e(  1 -  1) =    -21.47661  eV     1   --> A_1  D_1  S_1  
     e(  2 -  2) =     -9.61853  eV     1   --> B_2  D_4  S_4  
     e(  3 -  3) =     -5.00848  eV     1   --> A_1  D_1  S_1  
     e(  4 -  4) =     -4.96751  eV     1   --> B_1  D_3  S_3  
     e(  5 -  5) =      1.35852  eV     1   --> A_1  D_1  S_1  
     e(  6 -  6) =      2.12821  eV     1   --> B_2  D_4  S_4  
     e(  7 -  7) =      2.30171  eV     1   --> A_1  D_1  S_1  
     e(  8 -  8) =      4.03896  eV     1   --> B_2  D_4  S_4  
     e(  9 -  9) =      4.70630  eV     1   --> A_1  D_1  S_1  
     e( 10 - 10) =      6.47567  eV     1   --> A_1  D_1  S_1  
     e( 11 - 11) =      6.55786  eV     1   --> B_1  D_3  S_3  
     e( 12 - 12) =      7.47328  eV     1   --> B_2  D_4  S_4  
     e( 13 - 13) =      8.43456  eV     1   --> A_1  D_1  S_1  
     e( 14 - 14) =      9.59290  eV     1   --> B_2  D_4  S_4  
     e( 15 - 15) =     10.99625  eV     1   --> A_1  D_1  S_1  
     e( 16 - 16) =     12.14724  eV     1   --> B_2  D_4  S_4  

 **************************************************************************

 **************************************************************************

                    xk=(   0.04000,   0.02309,   0.00000  )

     Band symmetry, C_2v (mm2)  point group:

     e(  1 -  1) =    -21.45995  eV     1   --> A_1  D_1  S_1  
     e(  2 -  2) =     -9.59850  eV     1   --> B_2  D_4  S_4  
     e(  3 -  3) =     -5.07656  eV     1   --> A_1  D_1  S_1  
     e(  4 -  4) =     -5.00398  eV     1   --> B_1  D_3  S_3  
     e(  5 -  5) =      1.38124  eV     1   --> A_1  D_1  S_1  
     e(  6 -  6) =      2.15119  eV     1   --> B_2  D_4  S_4  
     e(  7 -  7) =      2.32470  eV     1   --> A_1  D_1  S_1  
     e(  8 -  8) =      4.06170  eV     1   --> B_2  D_4  S_4  
     e(  9 -  9) =      4.72883  eV     1   --> A_1  D_1  S_1  
     e( 10 - 10) =      6.48441  eV     1   --> A_1  D_1  S_1  
     e( 11 - 11) =      6.63071  eV     1   --> B_1  D_3  S_3  
     e( 12 - 12) =      7.49554  eV     1   --> B_2  D_4  S_4  
     e( 13 - 13) =      8.45774  eV     1   --> A_1  D_1  S_1  
     e( 14 - 14) =      9.53413  eV     1   --> B_2  D_4  S_4  
     e( 15 - 15) =     11.02472  eV     1   --> A_1  D_1  S_1  
     e( 16 - 16) =     12.16838  eV     1   --> B_2  D_4  S_4  

 **************************************************************************

 **************************************************************************

                    xk=(   0.05000,   0.02887,   0.00000  )

     Band symmetry, C_2v (mm2)  point group:

     e(  1 -  1) =    -21.43852  eV     1   --> A_1  D_1  S_1  
     e(  2 -  2) =     -9.57277  eV     1   --> B_2  D_4  S_4  
     e(  3 -  3) =     -5.16302  eV     1   --> A_1  D_1  S_1  
     e(  4 -  4) =     -5.05006  eV     1   --> B_1  D_3  S_3  
     e(  5 -  5) =      1.41045  eV     1   --> A_1  D_1  S_1  
     e(  6 -  6) =      2.18073  eV     1   --> B_2  D_4  S_4  
     e(  7 -  7) =      2.35428  eV     1   --> A_1  D_1  S_1  
     e(  8 -  8) =      4.09092  eV     1   --> B_2  D_4  S_4  
     e(  9 -  9) =      4.75779  eV     1   --> A_1  D_1  S_1  
     e( 10 - 10) =      6.49452  eV     1   --> A_1  D_1  S_1  
     e( 11 - 11) =      6.72358  eV     1   --> B_1  D_3  S_3  
     e( 12 - 12) =      7.52415  eV     1   --> B_2  D_4  S_4  
     e( 13 - 13) =      8.48750  eV     1   --> A_1  D_1  S_1  
     e( 14 - 14) =      9.45914  eV     1   --> B_2  D_4  S_4  
     e( 15 - 15) =     11.06183  eV     1   --> A_1  D_1  S_1  
     e( 16 - 16) =     12.19553  eV     1   --> B_2  D_4  S_4  

 **************************************************************************

 **************************************************************************

                    xk=(   0.06000,   0.03464,   0.00000  )

     Band symmetry, C_2v (mm2)  point group:

     e(  1 -  1) =    -21.41234  eV     1   --> A_1  D_1  S_1  
     e(  2 -  2) =     -9.54134  eV     1   --> B_2  D_4  S_4  
     e(  3 -  3) =     -5.26712  eV     1   --> A_1  D_1  S_1  
     e(  4 -  4) =     -5.10520  eV     1   --> B_1  D_3  S_3  
     e(  5 -  5) =      1.44616  eV     1   --> A_1  D_1  S_1  
     e(  6 -  6) =      2.21683  eV     1   --> B_2  D_4  S_4  
     e(  7 -  7) =      2.39042  eV     1   --> A_1  D_1  S_1  
     e(  8 -  8) =      4.12663  eV     1   --> B_2  D_4  S_4  
     e(  9 -  9) =      4.79319  eV     1   --> A_1  D_1  S_1  
     e( 10 - 10) =      6.50527  eV     1   --> A_1  D_1  S_1  
     e( 11 - 11) =      6.83583  eV     1   --> B_1  D_3  S_3  
     e( 12 - 12) =      7.55910  eV     1   --> B_2  D_4  S_4  
     e( 13 - 13) =      8.52381  eV     1   --> A_1  D_1  S_1  
     e( 14 - 14) =      9.36833  eV     1   --> B_2  D_4  S_4  
     e( 15 - 15) =     11.10787  eV     1   --> A_1  D_1  S_1  
     e( 16 - 16) =     12.22866  eV     1   --> B_2  D_4  S_4  

 **************************************************************************

 **************************************************************************

                    xk=(   0.07000,   0.04041,   0.00000  )

     Band symmetry, C_2v (mm2)  point group:

     e(  1 -  1) =    -21.38141  eV     1   --> A_1  D_1  S_1  
     e(  2 -  2) =     -9.50421  eV     1   --> B_2  D_4  S_4  
     e(  3 -  3) =     -5.38799  eV     1   --> A_1  D_1  S_1  
     e(  4 -  4) =     -5.16877  eV     1   --> B_1  D_3  S_3  
     e(  5 -  5) =      1.48837  eV     1   --> A_1  D_1  S_1  
     e(  6 -  6) =      2.25948  eV     1   --> B_2  D_4  S_4  
     e(  7 -  7) =      2.43314  eV     1   --> A_1  D_1  S_1  
     e(  8 -  8) =      4.16883  eV     1   --> B_2  D_4  S_4  
     e(  9 -  9) =      4.83503  eV     1   --> A_1  D_1  S_1  
     e( 10 - 10) =      6.51591  eV     1   --> A_1  D_1  S_1  
     e( 11 - 11) =      6.96687  eV     1   --> B_1  D_3  S_3  
     e( 12 - 12) =      7.60037  eV     1   --> B_2  D_4  S_4  
     e( 13 - 13) =      8.56665  eV     1   --> A_1  D_1  S_1  
     e( 14 - 14) =      9.26218  eV     1   --> B_2  D_4  S_4  
     e( 15 - 15) =     11.16314  eV     1   --> A_1  D_1  S_1  
     e( 16 - 16) =     12.26775  eV     1   --> B_2  D_4  S_4  

 **************************************************************************

 **************************************************************************

                    xk=(   0.08000,   0.04619,   0.00000  )

     Band symmetry, C_2v (mm2)  point group:

     e(  1 -  1) =    -21.34574  eV     1   --> A_1  D_1  S_1  
     e(  2 -  2) =     -9.46142  eV     1   --> B_2  D_4  S_4  
     e(  3 -  3) =     -5.52476  eV     1   --> A_1  D_1  S_1  
     e(  4 -  4) =     -5.24010  eV     1   --> B_1  D_3  S_3  
     e(  5 -  5) =      1.53707  eV     1   --> A_1  D_1  S_1  
     e(  6 -  6) =      2.30870  eV     1   --> B_2  D_4  S_4  
     e(  7 -  7) =      2.48244  eV     1   --> A_1  D_1  S_1  
     e(  8 -  8) =      4.21750  eV     1   --> B_2  D_4  S_4  
     e(  9 -  9) =      4.88330  eV     1   --> A_1  D_1  S_1  
     e( 10 - 10) =      6.52559  eV     1   --> A_1  D_1  S_1  
     e( 11 - 11) =      7.11582  eV     1   --> B_1  D_3  S_3  
     e( 12 - 12) =      7.64795  eV     1   --> B_2  D_4  S_4  
     e( 13 - 13) =      8.61597  eV     1   --> A_1  D_1  S_1  
     e( 14 - 14) =      9.14121  eV     1   --> B_2  D_4  S_4  
     e( 15 - 15) =     11.22785  eV     1   --> A_1  D_1  S_1  
     e( 16 - 16) =     12.31276  eV     1   --> B_2  D_4  S_4  

 **************************************************************************

 **************************************************************************

                    xk=(   0.09000,   0.05196,   0.00000  )

     Band symmetry, C_2v (mm2)  point group:

     e(  1 -  1) =    -21.30533  eV     1   --> A_1  D_1  S_1  
     e(  2 -  2) =     -9.41296  eV     1   --> B_2  D_4  S_4  
     e(  3 -  3) =     -5.67634  eV     1   --> A_1  D_1  S_1  
     e(  4 -  4) =     -5.31847  eV     1   --> B_1  D_3  S_3  
     e(  5 -  5) =      1.59226  eV     1   --> A_1  D_1  S_1  
     e(  6 -  6) =      2.36446  eV     1   --> B_2  D_4  S_4  
     e(  7 -  7) =      2.53831  eV     1   --> A_1  D_1  S_1  
     e(  8 -  8) =      4.27264  eV     1   --> B_2  D_4  S_4  
     e(  9 -  9) =      4.93800  eV     1   --> A_1  D_1  S_1  
     e( 10 - 10) =      6.53365  eV     1   --> A_1  D_1  S_1  
     e( 11 - 11) =      7.28191  eV     1   --> B_1  D_3  S_3  
     e( 12 - 12) =      7.70180  eV     1   --> B_2  D_4  S_4  
     e( 13 - 13) =      8.67173  eV     1   --> A_1  D_1  S_1  
     e( 14 - 14) =      9.00604  eV     1   --> B_2  D_4  S_4  
     e( 15 - 15) =     11.30223  eV     1   --> A_1  D_1  S_1  
     e( 16 - 16) =     12.36365  eV     1   --> B_2  D_4  S_4  

 **************************************************************************

 **************************************************************************

                    xk=(   0.10000,   0.05774,   0.00000  )

     Band symmetry, C_2v (mm2)  point group:

     e(  1 -  1) =    -21.26018  eV     1   --> A_1  D_1  S_1  
     e(  2 -  2) =     -9.35886  eV     1   --> B_2  D_4  S_4  
     e(  3 -  3) =     -5.84174  eV     1   --> A_1  D_1  S_1  
     e(  4 -  4) =     -5.40310  eV     1   --> B_1  D_3  S_3  
     e(  5 -  5) =      1.65394  eV     1   --> A_1  D_1  S_1  
     e(  6 -  6) =      2.42678  eV     1   --> B_2  D_4  S_4  
     e(  7 -  7) =      2.60075  eV     1   --> A_1  D_1  S_1  
     e(  8 -  8) =      4.33425  eV     1   --> B_2  D_4  S_4  
     e(  9 -  9) =      4.99912  eV     1   --> A_1  D_1  S_1  
     e( 10 - 10) =      6.53938  eV     1   --> A_1  D_1  S_1  
     e( 11 - 11) =      7.46438  eV     1   --> B_1  D_3  S_3  
     e( 12 - 12) =      7.76186  eV     1   --> B_2  D_4  S_4  
     e( 13 - 13) =      8.73391  eV     1   --> A_1  D_1  S_1  
     e( 14 - 14) =      8.85732  eV     1   --> B_2  D_4  S_4  
     e( 15 - 15) =     11.38633  eV     1   --> A_1  D_1  S_1  
     e( 16 - 16) =     12.42038  eV     1   --> B_2  D_4  S_4  

 **************************************************************************

 **************************************************************************

                    xk=(   0.11000,   0.06351,   0.00000  )

     Band symmetry, C_2v (mm2)  point group:

     e(  1 -  1) =    -21.21031  eV     1   --> A_1  D_1  S_1  
     e(  2 -  2) =     -9.29914  eV     1   --> B_2  D_4  S_4  
     e(  3 -  3) =     -6.01991  eV     1   --> A_1  D_1  S_1  
     e(  4 -  4) =     -5.49325  eV     1   --> B_1  D_3  S_3  
     e(  5 -  5) =      1.72212  eV     1   --> A_1  D_1  S_1  
     e(  6 -  6) =      2.49564  eV     1   --> B_2  D_4  S_4  
     e(  7 -  7) =      2.66977  eV     1   --> A_1  D_1  S_1  
     e(  8 -  8) =      4.40231  eV     1   --> B_2  D_4  S_4  
     e(  9 -  9) =      5.06663  eV     1   --> A_1  D_1  S_1  
     e( 10 - 10) =      6.54225  eV     1   --> A_1  D_1  S_1  
     e( 11 - 11) =      7.66236  eV     1   --> B_1  D_3  S_3  
     e( 12 - 12) =      7.82801  eV     1   --> B_2  D_4  S_4  
     e( 13 - 13) =      8.69579  eV     1   --> B_2  D_4  S_4  
     e( 14 - 14) =      8.80246  eV     1   --> A_1  D_1  S_1  
     e( 15 - 15) =     11.48015  eV     1   --> A_1  D_1  S_1  
     e( 16 - 16) =     12.48290  eV     1   --> B_2  D_4  S_4  

 **************************************************************************

 **************************************************************************

                    xk=(   0.12000,   0.06928,   0.00000  )

     Band symmetry, C_2v (mm2)  point group:

     e(  1 -  1) =    -21.15572  eV     1   --> A_1  D_1  S_1  
     e(  2 -  2) =     -9.23383  eV     1   --> B_2  D_4  S_4  
     e(  3 -  3) =     -6.20976  eV     1   --> A_1  D_1  S_1  
     e(  4 -  4) =     -5.58813  eV     1   --> B_1  D_3  S_3  
     e(  5 -  5) =      1.79679  eV     1   --> A_1  D_1  S_1  
     e(  6 -  6) =      2.57103  eV     1   --> B_2  D_4  S_4  
     e(  7 -  7) =      2.74537  eV     1   --> A_1  D_1  S_1  
     e(  8 -  8) =      4.47680  eV     1   --> B_2  D_4  S_4  
     e(  9 -  9) =      5.14052  eV     1   --> A_1  D_1  S_1  
     e( 10 - 10) =      6.54189  eV     1   --> A_1  D_1  S_1  
     e( 11 - 11) =      7.87504  eV     1   --> B_1  D_3  S_3  
     e( 12 - 12) =      7.89995  eV     1   --> B_2  D_4  S_4  
     e( 13 - 13) =      8.52244  eV     1   --> B_2  D_4  S_4  
     e( 14 - 14) =      8.87735  eV     1   --> A_1  D_1  S_1  
     e( 15 - 15) =     11.58350  eV     1   --> A_1  D_1  S_1  
     e( 16 - 16) =     12.55114  eV     1   --> B_2  D_4  S_4  

 **************************************************************************

 **************************************************************************

                    xk=(   0.13000,   0.07506,   0.00000  )

     Band symmetry, C_2v (mm2)  point group:

     e(  1 -  1) =    -21.09642  eV     1   --> A_1  D_1  S_1  
     e(  2 -  2) =     -9.16294  eV     1   --> B_2  D_4  S_4  
     e(  3 -  3) =     -6.41031  eV     1   --> A_1  D_1  S_1  
     e(  4 -  4) =     -5.68705  eV     1   --> B_1  D_3  S_3  
     e(  5 -  5) =      1.87795  eV     1   --> A_1  D_1  S_1  
     e(  6 -  6) =      2.65296  eV     1   --> B_2  D_4  S_4  
     e(  7 -  7) =      2.82754  eV     1   --> A_1  D_1  S_1  
     e(  8 -  8) =      4.55772  eV     1   --> B_2  D_4  S_4  
     e(  9 -  9) =      5.22075  eV     1   --> A_1  D_1  S_1  
     e( 10 - 10) =      6.53804  eV     1   --> A_1  D_1  S_1  
     e( 11 - 11) =      7.97644  eV     1   --> B_2  D_4  S_4  
     e( 12 - 12) =      8.10153  eV     1   --> B_1  D_3  S_3  
     e( 13 - 13) =      8.33919  eV     1   --> B_2  D_4  S_4  
     e( 14 - 14) =      8.95856  eV     1   --> A_1  D_1  S_1  
     e( 15 - 15) =     11.69610  eV     1   --> A_1  D_1  S_1  
     e( 16 - 16) =     12.62504  eV     1   --> B_2  D_4  S_4  

 **************************************************************************

 **************************************************************************

                    xk=(   0.14000,   0.08083,   0.00000  )

     Band symmetry, C_2v (mm2)  point group:

     e(  1 -  1) =    -21.03242  eV     1   --> A_1  D_1  S_1  
     e(  2 -  2) =     -9.08652  eV     1   --> B_2  D_4  S_4  
     e(  3 -  3) =     -6.62060  eV     1   --> A_1  D_1  S_1  
     e(  4 -  4) =     -5.78928  eV     1   --> B_1  D_3  S_3  
     e(  5 -  5) =      1.96559  eV     1   --> A_1  D_1  S_1  
     e(  6 -  6) =      2.74141  eV     1   --> B_2  D_4  S_4  
     e(  7 -  7) =      2.91629  eV     1   --> A_1  D_1  S_1  
     e(  8 -  8) =      4.64503  eV     1   --> B_2  D_4  S_4  
     e(  9 -  9) =      5.30724  eV     1   --> A_1  D_1  S_1  
     e( 10 - 10) =      6.53051  eV     1   --> A_1  D_1  S_1  
     e( 11 - 11) =      8.04296  eV     1   --> B_2  D_4  S_4  
     e( 12 - 12) =      8.16120  eV     1   --> B_2  D_4  S_4  
     e( 13 - 13) =      8.34103  eV     1   --> B_1  D_3  S_3  
     e( 14 - 14) =      9.04607  eV     1   --> A_1  D_1  S_1  
     e( 15 - 15) =     11.81741  eV     1   --> A_1  D_1  S_1  
     e( 16 - 16) =     12.70451  eV     1   --> B_2  D_4  S_4  

 **************************************************************************

 **************************************************************************

                    xk=(   0.15000,   0.08660,   0.00000  )

     Band symmetry, C_2v (mm2)  point group:

     e(  1 -  1) =    -20.96372  eV     1   --> A_1  D_1  S_1  
     e(  2 -  2) =     -9.00459  eV     1   --> B_2  D_4  S_4  
     e(  3 -  3) =     -6.83961  eV     1   --> A_1  D_1  S_1  
     e(  4 -  4) =     -5.89419  eV     1   --> B_1  D_3  S_3  
     e(  5 -  5) =      2.05971  eV     1   --> A_1  D_1  S_1  
     e(  6 -  6) =      2.83636  eV     1   --> B_2  D_4  S_4  
     e(  7 -  7) =      3.01161  eV     1   --> A_1  D_1  S_1  
     e(  8 -  8) =      4.73870  eV     1   --> B_2  D_4  S_4  
     e(  9 -  9) =      5.39992  eV     1   --> A_1  D_1  S_1  
     e( 10 - 10) =      6.51942  eV     1   --> A_1  D_1  S_1  
     e( 11 - 11) =      7.91829  eV     1   --> B_2  D_4  S_4  
     e( 12 - 12) =      8.17043  eV     1   --> B_2  D_4  S_4  
     e( 13 - 13) =      8.59270  eV     1   --> B_1  D_3  S_3  
     e( 14 - 14) =      9.13986  eV     1   --> A_1  D_1  S_1  
     e( 15 - 15) =     11.94688  eV     1   --> A_1  D_1  S_1  
     e( 16 - 16) =     12.78946  eV     1   --> B_2  D_4  S_4  

 **************************************************************************

 **************************************************************************

                    xk=(   0.16000,   0.09238,   0.00000  )

     Band symmetry, C_2v (mm2)  point group:

     e(  1 -  1) =    -20.89034  eV     1   --> A_1  D_1  S_1  
     e(  2 -  2) =     -8.91719  eV     1   --> B_2  D_4  S_4  
     e(  3 -  3) =     -7.06648  eV     1   --> A_1  D_1  S_1  
     e(  4 -  4) =     -6.00106  eV     1   --> B_1  D_3  S_3  
     e(  5 -  5) =      2.16030  eV     1   --> A_1  D_1  S_1  
     e(  6 -  6) =      2.93782  eV     1   --> B_2  D_4  S_4  
     e(  7 -  7) =      3.11350  eV     1   --> A_1  D_1  S_1  
     e(  8 -  8) =      4.83869  eV     1   --> B_2  D_4  S_4  
     e(  9 -  9) =      5.49864  eV     1   --> A_1  D_1  S_1  
     e( 10 - 10) =      6.50502  eV     1   --> A_1  D_1  S_1  
     e( 11 - 11) =      7.70702  eV     1   --> B_2  D_4  S_4  
     e( 12 - 12) =      8.26302  eV     1   --> B_2  D_4  S_4  
     e( 13 - 13) =      8.85588  eV     1   --> B_1  D_3  S_3  
     e( 14 - 14) =      9.23994  eV     1   --> A_1  D_1  S_1  
     e( 15 - 15) =     12.08384  eV     1   --> A_1  D_1  S_1  
     e( 16 - 16) =     12.87978  eV     1   --> B_2  D_4  S_4  

 **************************************************************************

 **************************************************************************

                    xk=(   0.17000,   0.09815,   0.00000  )

     Band symmetry, C_2v (mm2)  point group:

     e(  1 -  1) =    -20.81230  eV     1   --> A_1  D_1  S_1  
     e(  2 -  2) =     -8.82437  eV     1   --> B_2  D_4  S_4  
     e(  3 -  3) =     -7.30031  eV     1   --> A_1  D_1  S_1  
     e(  4 -  4) =     -6.10935  eV     1   --> B_1  D_3  S_3  
     e(  5 -  5) =      2.26736  eV     1   --> A_1  D_1  S_1  
     e(  6 -  6) =      3.04575  eV     1   --> B_2  D_4  S_4  
     e(  7 -  7) =      3.22196  eV     1   --> A_1  D_1  S_1  
     e(  8 -  8) =      4.94492  eV     1   --> B_2  D_4  S_4  
     e(  9 -  9) =      5.60314  eV     1   --> A_1  D_1  S_1  
     e( 10 - 10) =      6.48766  eV     1   --> A_1  D_1  S_1  
     e( 11 - 11) =      7.48310  eV     1   --> B_2  D_4  S_4  
     e( 12 - 12) =      8.36572  eV     1   --> B_2  D_4  S_4  
     e( 13 - 13) =      9.12964  eV     1   --> B_1  D_3  S_3  
     e( 14 - 14) =      9.34629  eV     1   --> A_1  D_1  S_1  
     e( 15 - 15) =     12.22736  eV     1   --> A_1  D_1  S_1  
     e( 16 - 16) =     12.97533  eV     1   --> B_2  D_4  S_4  

 **************************************************************************

 **************************************************************************

                    xk=(   0.18000,   0.10392,   0.00000  )

     Band symmetry, C_2v (mm2)  point group:

     e(  1 -  1) =    -20.72960  eV     1   --> A_1  D_1  S_1  
     e(  2 -  2) =     -8.72616  eV     1   --> B_2  D_4  S_4  
     e(  3 -  3) =     -7.54031  eV     1   --> A_1  D_1  S_1  
     e(  4 -  4) =     -6.21851  eV     1   --> B_1  D_3  S_3  
     e(  5 -  5) =      2.38089  eV     1   --> A_1  D_1  S_1  
     e(  6 -  6) =      3.16014  eV     1   --> B_2  D_4  S_4  
     e(  7 -  7) =      3.33699  eV     1   --> A_1  D_1  S_1  
     e(  8 -  8) =      5.05727  eV     1   --> B_2  D_4  S_4  
     e(  9 -  9) =      5.71299  eV     1   --> A_1  D_1  S_1  
     e( 10 - 10) =      6.46806  eV     1   --> A_1  D_1  S_1  
     e( 11 - 11) =      7.25041  eV     1   --> B_2  D_4  S_4  
     e( 12 - 12) =      8.47545  eV     1   --> B_2  D_4  S_4  
     e( 13 - 13) =      9.41330  eV     1   --> B_1  D_3  S_3  
     e( 14 - 14) =      9.45892  eV     1   --> A_1  D_1  S_1  
     e( 15 - 15) =     12.37656  eV     1   --> A_1  D_1  S_1  
     e( 16 - 16) =     13.07594  eV     1   --> B_2  D_4  S_4  

 **************************************************************************

 **************************************************************************

                    xk=(   0.19000,   0.10970,   0.00000  )

     Band symmetry, C_2v (mm2)  point group:

     e(  1 -  1) =    -20.64226  eV     1   --> A_1  D_1  S_1  
     e(  2 -  2) =     -8.62263  eV     1   --> B_2  D_4  S_4  
     e(  3 -  3) =     -7.78575  eV     1   --> A_1  D_1  S_1  
     e(  4 -  4) =     -6.32800  eV     1   --> B_1  D_3  S_3  
     e(  5 -  5) =      2.50088  eV     1   --> A_1  D_1  S_1  
     e(  6 -  6) =      3.28094  eV     1   --> B_2  D_4  S_4  
     e(  7 -  7) =      3.45858  eV     1   --> A_1  D_1  S_1  
     e(  8 -  8) =      5.17553  eV     1   --> B_2  D_4  S_4  
     e(  9 -  9) =      5.82727  eV     1   --> A_1  D_1  S_1  
     e( 10 - 10) =      6.44743  eV     1   --> A_1  D_1  S_1  
     e( 11 - 11) =      7.01038  eV     1   --> B_2  D_4  S_4  
     e( 12 - 12) =      8.59166  eV     1   --> B_2  D_4  S_4  
     e( 13 - 13) =      9.57783  eV     1   --> A_1  D_1  S_1  
     e( 14 - 14) =      9.70614  eV     1   --> B_1  D_3  S_3  
     e( 15 - 15) =     12.53038  eV     1   --> A_1  D_1  S_1  
     e( 16 - 16) =     13.18144  eV     1   --> B_2  D_4  S_4  

 **************************************************************************

 **************************************************************************

                    xk=(   0.20000,   0.11547,   0.00000  )

     Band symmetry, C_2v (mm2)  point group:

     e(  1 -  1) =    -20.55029  eV     1   --> A_1  D_1  S_1  
     e(  2 -  2) =     -8.51383  eV     1   --> B_2  D_4  S_4  
     e(  3 -  3) =     -8.03588  eV     1   --> A_1  D_1  S_1  
     e(  4 -  4) =     -6.43733  eV     1   --> B_1  D_3  S_3  
     e(  5 -  5) =      2.62731  eV     1   --> A_1  D_1  S_1  
     e(  6 -  6) =      3.40811  eV     1   --> B_2  D_4  S_4  
     e(  7 -  7) =      3.58673  eV     1   --> A_1  D_1  S_1  
     e(  8 -  8) =      5.29924  eV     1   --> B_2  D_4  S_4  
     e(  9 -  9) =      5.94394  eV     1   --> A_1  D_1  S_1  
     e( 10 - 10) =      6.42814  eV     1   --> A_1  D_1  S_1  
     e( 11 - 11) =      6.76432  eV     1   --> B_2  D_4  S_4  
     e( 12 - 12) =      8.71415  eV     1   --> B_2  D_4  S_4  
     e( 13 - 13) =      9.70302  eV     1   --> A_1  D_1  S_1  
     e( 14 - 14) =     10.00746  eV     1   --> B_1  D_3  S_3  
     e( 15 - 15) =     12.68762  eV     1   --> A_1  D_1  S_1  
     e( 16 - 16) =     13.29157  eV     1   --> B_2  D_4  S_4  

 **************************************************************************

 **************************************************************************

                    xk=(   0.21000,   0.12124,   0.00000  )

     Band symmetry, C_2v (mm2)  point group:

     e(  1 -  1) =    -20.45372  eV     1   --> A_1  D_1  S_1  
     e(  2 -  2) =     -8.39982  eV     1   --> B_2  D_4  S_4  
     e(  3 -  3) =     -8.29006  eV     1   --> A_1  D_1  S_1  
     e(  4 -  4) =     -6.54609  eV     1   --> B_1  D_3  S_3  
     e(  5 -  5) =      2.76018  eV     1   --> A_1  D_1  S_1  
     e(  6 -  6) =      3.54158  eV     1   --> B_2  D_4  S_4  
     e(  7 -  7) =      3.72144  eV     1   --> A_1  D_1  S_1  
     e(  8 -  8) =      5.42732  eV     1   --> B_2  D_4  S_4  
     e(  9 -  9) =      6.05748  eV     1   --> A_1  D_1  S_1  
     e( 10 - 10) =      6.41605  eV     1   --> A_1  D_1  S_1  
     e( 11 - 11) =      6.51408  eV     1   --> B_2  D_4  S_4  
     e( 12 - 12) =      8.84280  eV     1   --> B_2  D_4  S_4  
     e( 13 - 13) =      9.83449  eV     1   --> A_1  D_1  S_1  
     e( 14 - 14) =     10.31655  eV     1   --> B_1  D_3  S_3  
     e( 15 - 15) =     12.84705  eV     1   --> A_1  D_1  S_1  
     e( 16 - 16) =     13.40607  eV     1   --> B_2  D_4  S_4  

 **************************************************************************

 **************************************************************************

                    xk=(   0.22000,   0.12702,   0.00000  )

     Band symmetry, C_2v (mm2)  point group:

     e(  1 -  1) =    -20.35255  eV     1   --> A_1  D_1  S_1  
     e(  2 -  2) =     -8.54765  eV     1   --> A_1  D_1  S_1  
     e(  3 -  3) =     -8.28068  eV     1   --> B_2  D_4  S_4  
     e(  4 -  4) =     -6.65386  eV     1   --> B_1  D_3  S_3  
     e(  5 -  5) =      2.89947  eV     1   --> A_1  D_1  S_1  
     e(  6 -  6) =      3.68121  eV     1   --> B_2  D_4  S_4  
     e(  7 -  7) =      3.86269  eV     1   --> A_1  D_1  S_1  
     e(  8 -  8) =      5.55625  eV     1   --> B_2  D_4  S_4  
     e(  9 -  9) =      6.15208  eV     1   --> A_1  D_1  S_1  
     e( 10 - 10) =      6.26401  eV     1   --> B_2  D_4  S_4  
     e( 11 - 11) =      6.42738  eV     1   --> A_1  D_1  S_1  
     e( 12 - 12) =      8.97754  eV     1   --> B_2  D_4  S_4  
     e( 13 - 13) =      9.97223  eV     1   --> A_1  D_1  S_1  
     e( 14 - 14) =     10.63272  eV     1   --> B_1  D_3  S_3  
     e( 15 - 15) =     13.00721  eV     1   --> A_1  D_1  S_1  
     e( 16 - 16) =     13.52458  eV     1   --> B_2  D_4  S_4  

 **************************************************************************

 **************************************************************************

                    xk=(   0.23000,   0.13279,   0.00000  )

     Band symmetry, C_2v (mm2)  point group:

     e(  1 -  1) =    -20.24683  eV     1   --> A_1  D_1  S_1  
     e(  2 -  2) =     -8.80811  eV     1   --> A_1  D_1  S_1  
     e(  3 -  3) =     -8.15649  eV     1   --> B_2  D_4  S_4  
     e(  4 -  4) =     -6.76026  eV     1   --> B_1  D_3  S_3  
     e(  5 -  5) =      3.04518  eV     1   --> A_1  D_1  S_1  
     e(  6 -  6) =      3.82677  eV     1   --> B_2  D_4  S_4  
     e(  7 -  7) =      4.01048  eV     1   --> A_1  D_1  S_1  
     e(  8 -  8) =      5.66692  eV     1   --> B_2  D_4  S_4  
     e(  9 -  9) =      6.03406  eV     1   --> B_2  D_4  S_4  
     e( 10 - 10) =      6.19943  eV     1   --> A_1  D_1  S_1  
     e( 11 - 11) =      6.49076  eV     1   --> A_1  D_1  S_1  
     e( 12 - 12) =      9.11830  eV     1   --> B_2  D_4  S_4  
     e( 13 - 13) =     10.11625  eV     1   --> A_1  D_1  S_1  
     e( 14 - 14) =     10.95529  eV     1   --> B_1  D_3  S_3  
     e( 15 - 15) =     13.16643  eV     1   --> A_1  D_1  S_1  
     e( 16 - 16) =     13.64666  eV     1   --> B_2  D_4  S_4  

 **************************************************************************

 **************************************************************************

                    xk=(   0.24000,   0.13856,   0.00000  )

     Band symmetry, C_2v (mm2)  point group:

     e(  1 -  1) =    -20.13656  eV     1   --> A_1  D_1  S_1  
     e(  2 -  2) =     -9.07087  eV     1   --> A_1  D_1  S_1  
     e(  3 -  3) =     -8.02734  eV     1   --> B_2  D_4  S_4  
     e(  4 -  4) =     -6.86495  eV     1   --> B_1  D_3  S_3  
     e(  5 -  5) =      3.19729  eV     1   --> A_1  D_1  S_1  
     e(  6 -  6) =      3.97782  eV     1   --> B_2  D_4  S_4  
     e(  7 -  7) =      4.16479  eV     1   --> A_1  D_1  S_1  
     e(  8 -  8) =      5.62717  eV     1   --> B_2  D_4  S_4  
     e(  9 -  9) =      5.95746  eV     1   --> B_2  D_4  S_4  
     e( 10 - 10) =      6.20033  eV     1   --> A_1  D_1  S_1  
     e( 11 - 11) =      6.60582  eV     1   --> A_1  D_1  S_1  
     e( 12 - 12) =      9.26501  eV     1   --> B_2  D_4  S_4  
     e( 13 - 13) =     10.26654  eV     1   --> A_1  D_1  S_1  
     e( 14 - 14) =     11.28366  eV     1   --> B_1  D_3  S_3  
     e( 15 - 15) =     13.32296  eV     1   --> A_1  D_1  S_1  
     e( 16 - 16) =     13.77174  eV     1   --> B_2  D_4  S_4  

 **************************************************************************

 **************************************************************************

                    xk=(   0.25000,   0.14434,   0.00000  )

     Band symmetry, C_2v (mm2)  point group:

     e(  1 -  1) =    -20.02175  eV     1   --> A_1  D_1  S_1  
     e(  2 -  2) =     -9.33546  eV     1   --> A_1  D_1  S_1  
     e(  3 -  3) =     -7.89333  eV     1   --> B_2  D_4  S_4  
     e(  4 -  4) =     -6.96763  eV     1   --> B_1  D_3  S_3  
     e(  5 -  5) =      3.35578  eV     1   --> A_1  D_1  S_1  
     e(  6 -  6) =      4.13328  eV     1   --> B_2  D_4  S_4  
     e(  7 -  7) =      4.32560  eV     1   --> A_1  D_1  S_1  
     e(  8 -  8) =      5.40236  eV     1   --> B_2  D_4  S_4  
     e(  9 -  9) =      6.07052  eV     1   --> B_2  D_4  S_4  
     e( 10 - 10) =      6.17971  eV     1   --> A_1  D_1  S_1  
     e( 11 - 11) =      6.74794  eV     1   --> A_1  D_1  S_1  
     e( 12 - 12) =      9.41759  eV     1   --> B_2  D_4  S_4  
     e( 13 - 13) =     10.42309  eV     1   --> A_1  D_1  S_1  
     e( 14 - 14) =     11.61696  eV     1   --> B_1  D_3  S_3  
     e( 15 - 15) =     13.47445  eV     1   --> A_1  D_1  S_1  
     e( 16 - 16) =     13.89912  eV     1   --> B_2  D_4  S_4  

 **************************************************************************

 **************************************************************************

                    xk=(   0.26000,   0.15011,   0.00000  )

     Band symmetry, C_2v (mm2)  point group:

     e(  1 -  1) =    -19.90245  eV     1   --> A_1  D_1  S_1  
     e(  2 -  2) =     -9.60142  eV     1   --> A_1  D_1  S_1  
     e(  3 -  3) =     -7.75458  eV     1   --> B_2  D_4  S_4  
     e(  4 -  4) =     -7.06802  eV     1   --> B_1  D_3  S_3  
     e(  5 -  5) =      3.52062  eV     1   --> A_1  D_1  S_1  
     e(  6 -  6) =      4.28991  eV     1   --> B_2  D_4  S_4  
     e(  7 -  7) =      4.49289  eV     1   --> A_1  D_1  S_1  
     e(  8 -  8) =      5.14641  eV     1   --> B_2  D_4  S_4  
     e(  9 -  9) =      6.15058  eV     1   --> A_1  D_1  S_1  
     e( 10 - 10) =      6.22317  eV     1   --> B_2  D_4  S_4  
     e( 11 - 11) =      6.90449  eV     1   --> A_1  D_1  S_1  
     e( 12 - 12) =      9.57597  eV     1   --> B_2  D_4  S_4  
     e( 13 - 13) =     10.58589  eV     1   --> A_1  D_1  S_1  
     e( 14 - 14) =     11.95453  eV     1   --> B_1  D_3  S_3  
     e( 15 - 15) =     13.61838  eV     1   --> A_1  D_1  S_1  
     e( 16 - 16) =     14.02785  eV     1   --> B_2  D_4  S_4  

 **************************************************************************

 **************************************************************************

                    xk=(   0.27000,   0.15588,   0.00000  )

     Band symmetry, C_2v (mm2)  point group:

     e(  1 -  1) =    -19.77868  eV     1   --> A_1  D_1  S_1  
     e(  2 -  2) =     -9.86832  eV     1   --> A_1  D_1  S_1  
     e(  3 -  3) =     -7.61121  eV     1   --> B_2  D_4  S_4  
     e(  4 -  4) =     -7.16583  eV     1   --> B_1  D_3  S_3  
     e(  5 -  5) =      3.69179  eV     1   --> A_1  D_1  S_1  
     e(  6 -  6) =      4.43226  eV     1   --> B_2  D_4  S_4  
     e(  7 -  7) =      4.66661  eV     1   --> A_1  D_1  S_1  
     e(  8 -  8) =      4.90189  eV     1   --> B_2  D_4  S_4  
     e(  9 -  9) =      6.11774  eV     1   --> A_1  D_1  S_1  
     e( 10 - 10) =      6.38887  eV     1   --> B_2  D_4  S_4  
     e( 11 - 11) =      7.07103  eV     1   --> A_1  D_1  S_1  
     e( 12 - 12) =      9.74005  eV     1   --> B_2  D_4  S_4  
     e( 13 - 13) =     10.75491  eV     1   --> A_1  D_1  S_1  
     e( 14 - 14) =     12.29567  eV     1   --> B_1  D_3  S_3  
     e( 15 - 15) =     13.75154  eV     1   --> A_1  D_1  S_1  
     e( 16 - 16) =     14.15666  eV     1   --> B_2  D_4  S_4  

 **************************************************************************

 **************************************************************************

                    xk=(   0.28000,   0.16166,   0.00000  )

     Band symmetry, C_2v (mm2)  point group:

     e(  1 -  1) =    -19.65046  eV     1   --> A_1  D_1  S_1  
     e(  2 -  2) =    -10.13576  eV     1   --> A_1  D_1  S_1  
     e(  3 -  3) =     -7.46338  eV     1   --> B_2  D_4  S_4  
     e(  4 -  4) =     -7.26084  eV     1   --> B_1  D_3  S_3  
     e(  5 -  5) =      3.86925  eV     1   --> A_1  D_1  S_1  
     e(  6 -  6) =      4.44899  eV     1   --> B_2  D_4  S_4  
     e(  7 -  7) =      4.78515  eV     1   --> B_2  D_4  S_4  
     e(  8 -  8) =      4.84668  eV     1   --> A_1  D_1  S_1  
     e(  9 -  9) =      6.08332  eV     1   --> A_1  D_1  S_1  
     e( 10 - 10) =      6.56319  eV     1   --> B_2  D_4  S_4  
     e( 11 - 11) =      7.24583  eV     1   --> A_1  D_1  S_1  
     e( 12 - 12) =      9.90972  eV     1   --> B_2  D_4  S_4  
     e( 13 - 13) =     10.93014  eV     1   --> A_1  D_1  S_1  
     e( 14 - 14) =     12.63959  eV     1   --> B_1  D_3  S_3  
     e( 15 - 15) =     13.87007  eV     1   --> A_1  D_1  S_1  
     e( 16 - 16) =     14.28383  eV     1   --> B_2  D_4  S_4  

 **************************************************************************

 **************************************************************************

                    xk=(   0.29000,   0.16743,   0.00000  )

     Band symmetry, C_2v (mm2)  point group:

     e(  1 -  1) =    -19.51786  eV     1   --> A_1  D_1  S_1  
     e(  2 -  2) =    -10.40337  eV     1   --> A_1  D_1  S_1  
     e(  3 -  3) =     -7.35285  eV     1   --> B_1  D_3  S_3  
     e(  4 -  4) =     -7.31127  eV     1   --> B_2  D_4  S_4  
     e(  5 -  5) =      4.05295  eV     1   --> A_1  D_1  S_1  
     e(  6 -  6) =      4.23798  eV     1   --> B_2  D_4  S_4  
     e(  7 -  7) =      4.90017  eV     1   --> B_2  D_4  S_4  
     e(  8 -  8) =      5.03294  eV     1   --> A_1  D_1  S_1  
     e(  9 -  9) =      6.04852  eV     1   --> A_1  D_1  S_1  
     e( 10 - 10) =      6.74484  eV     1   --> B_2  D_4  S_4  
     e( 11 - 11) =      7.42810  eV     1   --> A_1  D_1  S_1  
     e( 12 - 12) =     10.08484  eV     1   --> B_2  D_4  S_4  
     e( 13 - 13) =     11.11155  eV     1   --> A_1  D_1  S_1  
     e( 14 - 14) =     12.98547  eV     1   --> B_1  D_3  S_3  
     e( 15 - 15) =     13.96920  eV     1   --> A_1  D_1  S_1  
     e( 16 - 16) =     14.40691  eV     1   --> B_2  D_4  S_4  

 **************************************************************************

 **************************************************************************

                    xk=(   0.30000,   0.17321,   0.00000  )

     Band symmetry, C_2v (mm2)  point group:

     e(  1 -  1) =    -19.38088  eV     1   --> A_1  D_1  S_1  
     e(  2 -  2) =    -10.67080  eV     1   --> A_1  D_1  S_1  
     e(  3 -  3) =     -7.44163  eV     1   --> B_1  D_3  S_3  
     e(  4 -  4) =     -7.15506  eV     1   --> B_2  D_4  S_4  
     e(  5 -  5) =      3.97149  eV     1   --> B_2  D_4  S_4  
     e(  6 -  6) =      4.24280  eV     1   --> A_1  D_1  S_1  
     e(  7 -  7) =      5.07583  eV     1   --> B_2  D_4  S_4  
     e(  8 -  8) =      5.22507  eV     1   --> A_1  D_1  S_1  
     e(  9 -  9) =      6.01443  eV     1   --> A_1  D_1  S_1  
     e( 10 - 10) =      6.93330  eV     1   --> B_2  D_4  S_4  
     e( 11 - 11) =      7.61742  eV     1   --> A_1  D_1  S_1  
     e( 12 - 12) =     10.26527  eV     1   --> B_2  D_4  S_4  
     e( 13 - 13) =     11.29910  eV     1   --> A_1  D_1  S_1  
     e( 14 - 14) =     13.33247  eV     1   --> B_1  D_3  S_3  
     e( 15 - 15) =     14.04316  eV     1   --> A_1  D_1  S_1  
     e( 16 - 16) =     14.52235  eV     1   --> B_2  D_4  S_4  

 **************************************************************************

 **************************************************************************

                    xk=(   0.31000,   0.17898,   0.00000  )

     Band symmetry, C_2v (mm2)  point group:

     e(  1 -  1) =    -19.23957  eV     1   --> A_1  D_1  S_1  
     e(  2 -  2) =    -10.93773  eV     1   --> A_1  D_1  S_1  
     e(  3 -  3) =     -7.52702  eV     1   --> B_1  D_3  S_3  
     e(  4 -  4) =     -6.99498  eV     1   --> B_2  D_4  S_4  
     e(  5 -  5) =      3.69452  eV     1   --> B_2  D_4  S_4  
     e(  6 -  6) =      4.43871  eV     1   --> A_1  D_1  S_1  
     e(  7 -  7) =      5.26792  eV     1   --> B_2  D_4  S_4  
     e(  8 -  8) =      5.42214  eV     1   --> A_1  D_1  S_1  
     e(  9 -  9) =      5.98245  eV     1   --> A_1  D_1  S_1  
     e( 10 - 10) =      7.12828  eV     1   --> B_2  D_4  S_4  
     e( 11 - 11) =      7.81357  eV     1   --> A_1  D_1  S_1  
     e( 12 - 12) =     10.45081  eV     1   --> B_2  D_4  S_4  
     e( 13 - 13) =     11.49277  eV     1   --> A_1  D_1  S_1  
     e( 14 - 14) =     13.67951  eV     1   --> B_1  D_3  S_3  
     e( 15 - 15) =     14.08535  eV     1   --> A_1  D_1  S_1  
     e( 16 - 16) =     14.62491  eV     1   --> B_2  D_4  S_4  

 **************************************************************************

 **************************************************************************

                    xk=(   0.32000,   0.18475,   0.00000  )

     Band symmetry, C_2v (mm2)  point group:

     e(  1 -  1) =    -19.09397  eV     1   --> A_1  D_1  S_1  
     e(  2 -  2) =    -11.20386  eV     1   --> A_1  D_1  S_1  
     e(  3 -  3) =     -7.60885  eV     1   --> B_1  D_3  S_3  
     e(  4 -  4) =     -6.83131  eV     1   --> B_2  D_4  S_4  
     e(  5 -  5) =      3.41461  eV     1   --> B_2  D_4  S_4  
     e(  6 -  6) =      4.64048  eV     1   --> A_1  D_1  S_1  
     e(  7 -  7) =      5.46968  eV     1   --> B_2  D_4  S_4  
     e(  8 -  8) =      5.62071  eV     1   --> A_1  D_1  S_1  
     e(  9 -  9) =      5.95658  eV     1   --> A_1  D_1  S_1  
     e( 10 - 10) =      7.32964  eV     1   --> B_2  D_4  S_4  
     e( 11 - 11) =      8.01640  eV     1   --> A_1  D_1  S_1  
     e( 12 - 12) =     10.64124  eV     1   --> B_2  D_4  S_4  
     e( 13 - 13) =     11.69251  eV     1   --> A_1  D_1  S_1  
     e( 14 - 14) =     14.02569  eV     1   --> B_1  D_3  S_3  
     e( 15 - 15) =     14.08880  eV     1   --> A_1  D_1  S_1  
     e( 16 - 16) =     14.70668  eV     1   --> B_2  D_4  S_4  

 **************************************************************************

 **************************************************************************

                    xk=(   0.33000,   0.19053,   0.00000  )

     Band symmetry, C_2v (mm2)  point group:

     e(  1 -  1) =    -18.94411  eV     1   --> A_1  D_1  S_1  
     e(  2 -  2) =    -11.46888  eV     1   --> A_1  D_1  S_1  
     e(  3 -  3) =     -7.68696  eV     1   --> B_1  D_3  S_3  
     e(  4 -  4) =     -6.66434  eV     1   --> B_2  D_4  S_4  
     e(  5 -  5) =      3.13437  eV     1   --> B_2  D_4  S_4  
     e(  6 -  6) =      4.84774  eV     1   --> A_1  D_1  S_1  
     e(  7 -  7) =      5.67924  eV     1   --> B_2  D_4  S_4  
     e(  8 -  8) =      5.79586  eV     1   --> A_1  D_1  S_1  
     e(  9 -  9) =      5.96235  eV     1   --> A_1  D_1  S_1  
     e( 10 - 10) =      7.53725  eV     1   --> B_2  D_4  S_4  
     e( 11 - 11) =      8.22581  eV     1   --> A_1  D_1  S_1  
     e( 12 - 12) =     10.83625  eV     1   --> B_2  D_4  S_4  
     e( 13 - 13) =     11.89825  eV     1   --> A_1  D_1  S_1  
     e( 14 - 14) =     14.04716  eV     1   --> A_1  D_1  S_1  
     e( 15 - 15) =     14.36989  eV     1   --> B_1  D_3  S_3  
     e( 16 - 16) =     14.75601  eV     1   --> B_2  D_4  S_4  

 **************************************************************************

 **************************************************************************

                    xk=(   0.34000,   0.19630,   0.00000  )

     Band symmetry, C_2v (mm2)  point group:

     e(  1 -  1) =    -18.79010  eV     1   --> A_1  D_1  S_1  
     e(  2 -  2) =    -11.73251  eV     1   --> A_1  D_1  S_1  
     e(  3 -  3) =     -7.76124  eV     1   --> B_1  D_3  S_3  
     e(  4 -  4) =     -6.49446  eV     1   --> B_2  D_4  S_4  
     e(  5 -  5) =      2.85521  eV     1   --> B_2  D_4  S_4  
     e(  6 -  6) =      5.05970  eV     1   --> A_1  D_1  S_1  
     e(  7 -  7) =      5.84623  eV     1   --> A_1  D_1  S_1  
     e(  8 -  8) =      5.89591  eV     1   --> B_2  D_4  S_4  
     e(  9 -  9) =      6.10209  eV     1   --> A_1  D_1  S_1  
     e( 10 - 10) =      7.75100  eV     1   --> B_2  D_4  S_4  
     e( 11 - 11) =      8.44172  eV     1   --> A_1  D_1  S_1  
     e( 12 - 12) =     11.03546  eV     1   --> B_2  D_4  S_4  
     e( 13 - 13) =     12.10993  eV     1   --> A_1  D_1  S_1  
     e( 14 - 14) =     13.95627  eV     1   --> A_1  D_1  S_1  
     e( 15 - 15) =     14.71091  eV     1   --> B_1  D_3  S_3  
     e( 16 - 16) =     14.75745  eV     1   --> B_2  D_4  S_4  

 **************************************************************************

 **************************************************************************

                    xk=(   0.35000,   0.20207,   0.00000  )

     Band symmetry, C_2v (mm2)  point group:

     e(  1 -  1) =    -18.63198  eV     1   --> A_1  D_1  S_1  
     e(  2 -  2) =    -11.99451  eV     1   --> A_1  D_1  S_1  
     e(  3 -  3) =     -7.83155  eV     1   --> B_1  D_3  S_3  
     e(  4 -  4) =     -6.32210  eV     1   --> B_2  D_4  S_4  
     e(  5 -  5) =      2.57822  eV     1   --> B_2  D_4  S_4  
     e(  6 -  6) =      5.27423  eV     1   --> A_1  D_1  S_1  
     e(  7 -  7) =      5.83533  eV     1   --> A_1  D_1  S_1  
     e(  8 -  8) =      6.11934  eV     1   --> B_2  D_4  S_4  
     e(  9 -  9) =      6.31462  eV     1   --> A_1  D_1  S_1  
     e( 10 - 10) =      7.97082  eV     1   --> B_2  D_4  S_4  
     e( 11 - 11) =      8.66407  eV     1   --> A_1  D_1  S_1  
     e( 12 - 12) =     11.23835  eV     1   --> B_2  D_4  S_4  
     e( 13 - 13) =     12.32743  eV     1   --> A_1  D_1  S_1  
     e( 14 - 14) =     13.81557  eV     1   --> A_1  D_1  S_1  
     e( 15 - 15) =     14.69561  eV     1   --> B_2  D_4  S_4  
     e( 16 - 16) =     15.04740  eV     1   --> B_1  D_3  S_3  

 **************************************************************************

 **************************************************************************

                    xk=(   0.36000,   0.20785,   0.00000  )

     Band symmetry, C_2v (mm2)  point group:

     e(  1 -  1) =    -18.46982  eV     1   --> A_1  D_1  S_1  
     e(  2 -  2) =    -12.25462  eV     1   --> A_1  D_1  S_1  
     e(  3 -  3) =     -7.89778  eV     1   --> B_1  D_3  S_3  
     e(  4 -  4) =     -6.14778  eV     1   --> B_2  D_4  S_4  
     e(  5 -  5) =      2.30437  eV     1   --> B_2  D_4  S_4  
     e(  6 -  6) =      5.48315  eV     1   --> A_1  D_1  S_1  
     e(  7 -  7) =      5.82826  eV     1   --> A_1  D_1  S_1  
     e(  8 -  8) =      6.34933  eV     1   --> B_2  D_4  S_4  
     e(  9 -  9) =      6.54311  eV     1   --> A_1  D_1  S_1  
     e( 10 - 10) =      8.19661  eV     1   --> B_2  D_4  S_4  
     e( 11 - 11) =      8.89280  eV     1   --> A_1  D_1  S_1  
     e( 12 - 12) =     11.44420  eV     1   --> B_2  D_4  S_4  
     e( 13 - 13) =     12.55053  eV     1   --> A_1  D_1  S_1  
     e( 14 - 14) =     13.62872  eV     1   --> A_1  D_1  S_1  
     e( 15 - 15) =     14.56403  eV     1   --> B_2  D_4  S_4  
     e( 16 - 16) =     15.37797  eV     1   --> B_1  D_3  S_3  

 **************************************************************************

 **************************************************************************

                    xk=(   0.37000,   0.21362,   0.00000  )

     Band symmetry, C_2v (mm2)  point group:

     e(  1 -  1) =    -18.30372  eV     1   --> A_1  D_1  S_1  
     e(  2 -  2) =    -12.51254  eV     1   --> A_1  D_1  S_1  
     e(  3 -  3) =     -7.95984  eV     1   --> B_1  D_3  S_3  
     e(  4 -  4) =     -5.97213  eV     1   --> B_2  D_4  S_4  
     e(  5 -  5) =      2.03476  eV     1   --> B_2  D_4  S_4  
     e(  6 -  6) =      5.64377  eV     1   --> A_1  D_1  S_1  
     e(  7 -  7) =      5.87487  eV     1   --> A_1  D_1  S_1  
     e(  8 -  8) =      6.58576  eV     1   --> B_2  D_4  S_4  
     e(  9 -  9) =      6.78054  eV     1   --> A_1  D_1  S_1  
     e( 10 - 10) =      8.42825  eV     1   --> B_2  D_4  S_4  
     e( 11 - 11) =      9.12787  eV     1   --> A_1  D_1  S_1  
     e( 12 - 12) =     11.65192  eV     1   --> B_2  D_4  S_4  
     e( 13 - 13) =     12.77860  eV     1   --> A_1  D_1  S_1  
     e( 14 - 14) =     13.40289  eV     1   --> A_1  D_1  S_1  
     e( 15 - 15) =     14.37050  eV     1   --> B_2  D_4  S_4  
     e( 16 - 16) =     15.20481  eV     1   --> A_1  D_1  S_1  

 **************************************************************************

 **************************************************************************

                    xk=(   0.38000,   0.21939,   0.00000  )

     Band symmetry, C_2v (mm2)  point group:

     e(  1 -  1) =    -18.13383  eV     1   --> A_1  D_1  S_1  
     e(  2 -  2) =    -12.76802  eV     1   --> A_1  D_1  S_1  
     e(  3 -  3) =     -8.01762  eV     1   --> B_1  D_3  S_3  
     e(  4 -  4) =     -5.79591  eV     1   --> B_2  D_4  S_4  
     e(  5 -  5) =      1.77043  eV     1   --> B_2  D_4  S_4  
     e(  6 -  6) =      5.68758  eV     1   --> A_1  D_1  S_1  
     e(  7 -  7) =      6.04524  eV     1   --> A_1  D_1  S_1  
     e(  8 -  8) =      6.82852  eV     1   --> B_2  D_4  S_4  
     e(  9 -  9) =      7.02544  eV     1   --> A_1  D_1  S_1  
     e( 10 - 10) =      8.66564  eV     1   --> B_2  D_4  S_4  
     e( 11 - 11) =      9.36921  eV     1   --> A_1  D_1  S_1  
     e( 12 - 12) =     11.85972  eV     1   --> B_2  D_4  S_4  
     e( 13 - 13) =     13.00304  eV     1   --> A_1  D_1  S_1  
     e( 14 - 14) =     13.15457  eV     1   --> A_1  D_1  S_1  
     e( 15 - 15) =     14.13149  eV     1   --> B_2  D_4  S_4  
     e( 16 - 16) =     14.81389  eV     1   --> A_1  D_1  S_1  

 **************************************************************************

 **************************************************************************

                    xk=(   0.39000,   0.22517,   0.00000  )

     Band symmetry, C_2v (mm2)  point group:

     e(  1 -  1) =    -17.96028  eV     1   --> A_1  D_1  S_1  
     e(  2 -  2) =    -13.02077  eV     1   --> A_1  D_1  S_1  
     e(  3 -  3) =     -8.07107  eV     1   --> B_1  D_3  S_3  
     e(  4 -  4) =     -5.62007  eV     1   --> B_2  D_4  S_4  
     e(  5 -  5) =      1.51260  eV     1   --> B_2  D_4  S_4  
     e(  6 -  6) =      5.68119  eV     1   --> A_1  D_1  S_1  
     e(  7 -  7) =      6.27329  eV     1   --> A_1  D_1  S_1  
     e(  8 -  8) =      7.07752  eV     1   --> B_2  D_4  S_4  
     e(  9 -  9) =      7.27731  eV     1   --> A_1  D_1  S_1  
     e( 10 - 10) =      8.90862  eV     1   --> B_2  D_4  S_4  
     e( 11 - 11) =      9.61679  eV     1   --> A_1  D_1  S_1  
     e( 12 - 12) =     12.06432  eV     1   --> B_2  D_4  S_4  
     e( 13 - 13) =     12.85358  eV     1   --> A_1  D_1  S_1  
     e( 14 - 14) =     13.26172  eV     1   --> A_1  D_1  S_1  
     e( 15 - 15) =     13.86436  eV     1   --> B_2  D_4  S_4  
     e( 16 - 16) =     14.42582  eV     1   --> A_1  D_1  S_1  

 **************************************************************************

 **************************************************************************

                    xk=(   0.40000,   0.23094,   0.00000  )

     Band symmetry, C_2v (mm2)  point group:

     e(  1 -  1) =    -17.78325  eV     1   --> A_1  D_1  S_1  
     e(  2 -  2) =    -13.27049  eV     1   --> A_1  D_1  S_1  
     e(  3 -  3) =     -8.12009  eV     1   --> B_1  D_3  S_3  
     e(  4 -  4) =     -5.44577  eV     1   --> B_2  D_4  S_4  
     e(  5 -  5) =      1.26267  eV     1   --> B_2  D_4  S_4  
     e(  6 -  6) =      5.66515  eV     1   --> A_1  D_1  S_1  
     e(  7 -  7) =      6.51870  eV     1   --> A_1  D_1  S_1  
     e(  8 -  8) =      7.33267  eV     1   --> B_2  D_4  S_4  
     e(  9 -  9) =      7.53595  eV     1   --> A_1  D_1  S_1  
     e( 10 - 10) =      9.15704  eV     1   --> B_2  D_4  S_4  
     e( 11 - 11) =      9.87053  eV     1   --> A_1  D_1  S_1  
     e( 12 - 12) =     12.25856  eV     1   --> B_2  D_4  S_4  
     e( 13 - 13) =     12.55627  eV     1   --> A_1  D_1  S_1  
     e( 14 - 14) =     13.50480  eV     1   --> A_1  D_1  S_1  
     e( 15 - 15) =     13.58617  eV     1   --> B_2  D_4  S_4  
     e( 16 - 16) =     14.04149  eV     1   --> A_1  D_1  S_1  

 **************************************************************************

 **************************************************************************

                    xk=(   0.41000,   0.23671,   0.00000  )

     Band symmetry, C_2v (mm2)  point group:

     e(  1 -  1) =    -17.60304  eV     1   --> A_1  D_1  S_1  
     e(  2 -  2) =    -13.51679  eV     1   --> A_1  D_1  S_1  
     e(  3 -  3) =     -8.16462  eV     1   --> B_1  D_3  S_3  
     e(  4 -  4) =     -5.27442  eV     1   --> B_2  D_4  S_4  
     e(  5 -  5) =      1.02227  eV     1   --> B_2  D_4  S_4  
     e(  6 -  6) =      5.64741  eV     1   --> A_1  D_1  S_1  
     e(  7 -  7) =      6.77369  eV     1   --> A_1  D_1  S_1  
     e(  8 -  8) =      7.59388  eV     1   --> B_2  D_4  S_4  
     e(  9 -  9) =      7.80123  eV     1   --> A_1  D_1  S_1  
     e( 10 - 10) =      9.41064  eV     1   --> B_2  D_4  S_4  
     e( 11 - 11) =     10.13035  eV     1   --> A_1  D_1  S_1  
     e( 12 - 12) =     12.24532  eV     1   --> A_1  D_1  S_1  
     e( 13 - 13) =     12.42248  eV     1   --> B_2  D_4  S_4  
     e( 14 - 14) =     13.32230  eV     1   --> B_2  D_4  S_4  
     e( 15 - 15) =     13.65899  eV     1   --> A_1  D_1  S_1  
     e( 16 - 16) =     13.75738  eV     1   --> A_1  D_1  S_1  

 **************************************************************************

 **************************************************************************

                    xk=(   0.42000,   0.24249,   0.00000  )

     Band symmetry, C_2v (mm2)  point group:

     e(  1 -  1) =    -17.42001  eV     1   --> A_1  D_1  S_1  
     e(  2 -  2) =    -13.75921  eV     1   --> A_1  D_1  S_1  
     e(  3 -  3) =     -8.20462  eV     1   --> B_1  D_3  S_3  
     e(  4 -  4) =     -5.10779  eV     1   --> B_2  D_4  S_4  
     e(  5 -  5) =      0.79335  eV     1   --> B_2  D_4  S_4  
     e(  6 -  6) =      5.63012  eV     1   --> A_1  D_1  S_1  
     e(  7 -  7) =      7.03614  eV     1   --> A_1  D_1  S_1  
     e(  8 -  8) =      7.86104  eV     1   --> B_2  D_4  S_4  
     e(  9 -  9) =      8.07309  eV     1   --> A_1  D_1  S_1  
     e( 10 - 10) =      9.66911  eV     1   --> B_2  D_4  S_4  
     e( 11 - 11) =     10.39614  eV     1   --> A_1  D_1  S_1  
     e( 12 - 12) =     11.92649  eV     1   --> A_1  D_1  S_1  
     e( 13 - 13) =     12.49110  eV     1   --> B_2  D_4  S_4  
     e( 14 - 14) =     13.13850  eV     1   --> B_2  D_4  S_4  
     e( 15 - 15) =     13.28506  eV     1   --> A_1  D_1  S_1  
     e( 16 - 16) =     14.01141  eV     1   --> A_1  D_1  S_1  

 **************************************************************************

 **************************************************************************

                    xk=(   0.43000,   0.24826,   0.00000  )

     Band symmetry, C_2v (mm2)  point group:

     e(  1 -  1) =    -17.23469  eV     1   --> A_1  D_1  S_1  
     e(  2 -  2) =    -13.99711  eV     1   --> A_1  D_1  S_1  
     e(  3 -  3) =     -8.24002  eV     1   --> B_1  D_3  S_3  
     e(  4 -  4) =     -4.94804  eV     1   --> B_2  D_4  S_4  
     e(  5 -  5) =      0.57829  eV     1   --> B_2  D_4  S_4  
     e(  6 -  6) =      5.61416  eV     1   --> A_1  D_1  S_1  
     e(  7 -  7) =      7.30521  eV     1   --> A_1  D_1  S_1  
     e(  8 -  8) =      8.13402  eV     1   --> B_2  D_4  S_4  
     e(  9 -  9) =      8.35149  eV     1   --> A_1  D_1  S_1  
     e( 10 - 10) =      9.93195  eV     1   --> B_2  D_4  S_4  
     e( 11 - 11) =     10.66761  eV     1   --> A_1  D_1  S_1  
     e( 12 - 12) =     11.60341  eV     1   --> A_1  D_1  S_1  
     e( 13 - 13) =     12.36552  eV     1   --> B_2  D_4  S_4  
     e( 14 - 14) =     12.91471  eV     1   --> A_1  D_1  S_1  
     e( 15 - 15) =     13.12706  eV     1   --> B_2  D_4  S_4  
     e( 16 - 16) =     14.26909  eV     1   --> B_2  D_4  S_4  

 **************************************************************************

 **************************************************************************

                    xk=(   0.44000,   0.25403,   0.00000  )

     Band symmetry, C_2v (mm2)  point group:

     e(  1 -  1) =    -17.04797  eV     1   --> A_1  D_1  S_1  
     e(  2 -  2) =    -14.22958  eV     1   --> A_1  D_1  S_1  
     e(  3 -  3) =     -8.27079  eV     1   --> B_1  D_3  S_3  
     e(  4 -  4) =     -4.79785  eV     1   --> B_2  D_4  S_4  
     e(  5 -  5) =      0.37984  eV     1   --> B_2  D_4  S_4  
     e(  6 -  6) =      5.59987  eV     1   --> A_1  D_1  S_1  
     e(  7 -  7) =      7.58048  eV     1   --> A_1  D_1  S_1  
     e(  8 -  8) =      8.41266  eV     1   --> B_2  D_4  S_4  
     e(  9 -  9) =      8.63637  eV     1   --> A_1  D_1  S_1  
     e( 10 - 10) =     10.19828  eV     1   --> B_2  D_4  S_4  
     e( 11 - 11) =     10.94311  eV     1   --> A_1  D_1  S_1  
     e( 12 - 12) =     11.28010  eV     1   --> A_1  D_1  S_1  
     e( 13 - 13) =     12.10946  eV     1   --> B_2  D_4  S_4  
     e( 14 - 14) =     12.54968  eV     1   --> A_1  D_1  S_1  
     e( 15 - 15) =     13.19905  eV     1   --> B_2  D_4  S_4  
     e( 16 - 16) =     14.04913  eV     1   --> B_2  D_4  S_4  

 **************************************************************************

 **************************************************************************

                    xk=(   0.45000,   0.25981,   0.00000  )

     Band symmetry, C_2v (mm2)  point group:

     e(  1 -  1) =    -16.86119  eV     1   --> A_1  D_1  S_1  
     e(  2 -  2) =    -14.45512  eV     1   --> A_1  D_1  S_1  
     e(  3 -  3) =     -8.29688  eV     1   --> B_1  D_3  S_3  
     e(  4 -  4) =     -4.66039  eV     1   --> B_2  D_4  S_4  
     e(  5 -  5) =      0.20137  eV     1   --> B_2  D_4  S_4  
     e(  6 -  6) =      5.58759  eV     1   --> A_1  D_1  S_1  
     e(  7 -  7) =      7.86165  eV     1   --> A_1  D_1  S_1  
     e(  8 -  8) =      8.69674  eV     1   --> B_2  D_4  S_4  
     e(  9 -  9) =      8.92769  eV     1   --> A_1  D_1  S_1  
     e( 10 - 10) =     10.46615  eV     1   --> B_2  D_4  S_4  
     e( 11 - 11) =     10.94621  eV     1   --> A_1  D_1  S_1  
     e( 12 - 12) =     11.23474  eV     1   --> A_1  D_1  S_1  
     e( 13 - 13) =     11.81372  eV     1   --> B_2  D_4  S_4  
     e( 14 - 14) =     12.19028  eV     1   --> A_1  D_1  S_1  
     e( 15 - 15) =     13.19824  eV     1   --> B_2  D_4  S_4  
     e( 16 - 16) =     13.93665  eV     1   --> B_2  D_4  S_4  

 **************************************************************************

 **************************************************************************

                    xk=(   0.46000,   0.26558,   0.00000  )

     Band symmetry, C_2v (mm2)  point group:

     e(  1 -  1) =    -16.67686  eV     1   --> A_1  D_1  S_1  
     e(  2 -  2) =    -14.67125  eV     1   --> A_1  D_1  S_1  
     e(  3 -  3) =     -8.31827  eV     1   --> B_1  D_3  S_3  
     e(  4 -  4) =     -4.53938  eV     1   --> B_2  D_4  S_4  
     e(  5 -  5) =      0.04668  eV     1   --> B_2  D_4  S_4  
     e(  6 -  6) =      5.57739  eV     1   --> A_1  D_1  S_1  
     e(  7 -  7) =      8.14845  eV     1   --> A_1  D_1  S_1  
     e(  8 -  8) =      8.98597  eV     1   --> B_2  D_4  S_4  
     e(  9 -  9) =      9.22538  eV     1   --> A_1  D_1  S_1  
     e( 10 - 10) =     10.62452  eV     1   --> A_1  D_1  S_1  
     e( 11 - 11) =     10.72907  eV     1   --> B_2  D_4  S_4  
     e( 12 - 12) =     11.51305  eV     1   --> B_2  D_4  S_4  
     e( 13 - 13) =     11.52074  eV     1   --> A_1  D_1  S_1  
     e( 14 - 14) =     11.83697  eV     1   --> A_1  D_1  S_1  
     e( 15 - 15) =     13.05071  eV     1   --> B_2  D_4  S_4  
     e( 16 - 16) =     13.97592  eV     1   --> B_2  D_4  S_4  

 **************************************************************************

 **************************************************************************

                    xk=(   0.47000,   0.27135,   0.00000  )

     Band symmetry, C_2v (mm2)  point group:

     e(  1 -  1) =    -16.49974  eV     1   --> A_1  D_1  S_1  
     e(  2 -  2) =    -14.87313  eV     1   --> A_1  D_1  S_1  
     e(  3 -  3) =     -8.33493  eV     1   --> B_1  D_3  S_3  
     e(  4 -  4) =     -4.43895  eV     1   --> B_2  D_4  S_4  
     e(  5 -  5) =     -0.08003  eV     1   --> B_2  D_4  S_4  
     e(  6 -  6) =      5.56937  eV     1   --> A_1  D_1  S_1  
     e(  7 -  7) =      8.44058  eV     1   --> A_1  D_1  S_1  
     e(  8 -  8) =      9.27981  eV     1   --> B_2  D_4  S_4  
     e(  9 -  9) =      9.52921  eV     1   --> A_1  D_1  S_1  
     e( 10 - 10) =     10.30302  eV     1   --> A_1  D_1  S_1  
     e( 11 - 11) =     10.93580  eV     1   --> B_2  D_4  S_4  
     e( 12 - 12) =     11.26665  eV     1   --> B_2  D_4  S_4  
     e( 13 - 13) =     11.48802  eV     1   --> A_1  D_1  S_1  
     e( 14 - 14) =     11.81620  eV     1   --> A_1  D_1  S_1  
     e( 15 - 15) =     12.81625  eV     1   --> B_2  D_4  S_4  
     e( 16 - 16) =     13.68647  eV     1   --> A_1  D_1  S_1  

 **************************************************************************

 **************************************************************************

                    xk=(   0.48000,   0.27713,   0.00000  )

     Band symmetry, C_2v (mm2)  point group:

     e(  1 -  1) =    -16.33977  eV     1   --> A_1  D_1  S_1  
     e(  2 -  2) =    -15.05085  eV     1   --> A_1  D_1  S_1  
     e(  3 -  3) =     -8.34685  eV     1   --> B_1  D_3  S_3  
     e(  4 -  4) =     -4.36329  eV     1   --> B_2  D_4  S_4  
     e(  5 -  5) =     -0.17453  eV     1   --> B_2  D_4  S_4  
     e(  6 -  6) =      5.56360  eV     1   --> A_1  D_1  S_1  
     e(  7 -  7) =      8.73750  eV     1   --> A_1  D_1  S_1  
     e(  8 -  8) =      9.57717  eV     1   --> B_2  D_4  S_4  
     e(  9 -  9) =      9.83592  eV     1   --> A_1  D_1  S_1  
     e( 10 - 10) =      9.98811  eV     1   --> A_1  D_1  S_1  
     e( 11 - 11) =     10.80197  eV     1   --> B_2  D_4  S_4  
     e( 12 - 12) =     11.14669  eV     1   --> A_1  D_1  S_1  
     e( 13 - 13) =     11.35967  eV     1   --> B_2  D_4  S_4  
     e( 14 - 14) =     12.11571  eV     1   --> A_1  D_1  S_1  
     e( 15 - 15) =     12.55445  eV     1   --> B_2  D_4  S_4  
     e( 16 - 16) =     13.36467  eV     1   --> A_1  D_1  S_1  

 **************************************************************************

 **************************************************************************

                    xk=(   0.49000,   0.28290,   0.00000  )

     Band symmetry, C_2v (mm2)  point group:

     e(  1 -  1) =    -16.21783  eV     1   --> A_1  D_1  S_1  
     e(  2 -  2) =    -15.18343  eV     1   --> A_1  D_1  S_1  
     e(  3 -  3) =     -8.35401  eV     1   --> B_1  D_3  S_3  
     e(  4 -  4) =     -4.31613  eV     1   --> B_2  D_4  S_4  
     e(  5 -  5) =     -0.23302  eV     1   --> B_2  D_4  S_4  
     e(  6 -  6) =      5.56012  eV     1   --> A_1  D_1  S_1  
     e(  7 -  7) =      9.03750  eV     1   --> A_1  D_1  S_1  
     e(  8 -  8) =      9.66849  eV     1   --> A_1  D_1  S_1  
     e(  9 -  9) =      9.87406  eV     1   --> B_2  D_4  S_4  
     e( 10 - 10) =     10.15898  eV     1   --> A_1  D_1  S_1  
     e( 11 - 11) =     10.51551  eV     1   --> B_2  D_4  S_4  
     e( 12 - 12) =     10.81131  eV     1   --> A_1  D_1  S_1  
     e( 13 - 13) =     11.59543  eV     1   --> B_2  D_4  S_4  
     e( 14 - 14) =     12.30015  eV     1   --> B_2  D_4  S_4  
     e( 15 - 15) =     12.42049  eV     1   --> A_1  D_1  S_1  
     e( 16 - 16) =     13.04647  eV     1   --> A_1  D_1  S_1  

 **************************************************************************

 **************************************************************************

                    xk=(   0.50000,   0.28868,   0.00000  )

     point group D_2h (mmm) 
     there are  8 classes
     the character table:

       E     C2    C2'   C2''  i     s_v   s_v'  s_v''
A_g    1.00  1.00  1.00  1.00  1.00  1.00  1.00  1.00
B_1g   1.00  1.00 -1.00 -1.00  1.00  1.00 -1.00 -1.00
B_2g   1.00 -1.00  1.00 -1.00  1.00 -1.00  1.00 -1.00
B_3g   1.00 -1.00 -1.00  1.00  1.00 -1.00 -1.00  1.00
A_u    1.00  1.00  1.00  1.00 -1.00 -1.00 -1.00 -1.00
B_1u   1.00  1.00 -1.00 -1.00 -1.00 -1.00  1.00  1.00
B_2u   1.00 -1.00  1.00 -1.00 -1.00  1.00 -1.00  1.00
B_3u   1.00 -1.00 -1.00  1.00 -1.00  1.00  1.00 -1.00

     the symmetry operations in each class and the name of the first element:

     E        1
                                                                 
     C2       2
                                                                 
     C2'      4
                                                                 
     C2''     3
                                                                 
     i        5
                                                                 
     s_v      6
                                                                 
     s_v'     8
                                                                 
     s_v''    7
                                                                 

     Band symmetry, D_2h (mmm)  point group:

     e(  1 -  1) =    -16.16952  eV     1   --> B_3u           
     e(  2 -  2) =    -15.23529  eV     1   --> A_g            
     e(  3 -  3) =     -8.35640  eV     1   --> B_2u           
     e(  4 -  4) =     -4.30009  eV     1   --> B_2g           
     e(  5 -  5) =     -0.25283  eV     1   --> B_1u           
     e(  6 -  6) =      5.55895  eV     1   --> A_g            
     e(  7 -  7) =      9.29011  eV     1   --> B_3u           
     e(  8 -  8) =      9.41200  eV     1   --> A_g            
     e(  9 -  9) =     10.10077  eV     1   --> B_1u           
     e( 10 - 10) =     10.28886  eV     1   --> B_2g           
     e( 11 - 11) =     10.46774  eV     1   --> B_3u           
     e( 12 - 12) =     10.49573  eV     1   --> A_g            
     e( 13 - 13) =     11.73959  eV     1   --> B_1u           
     e( 14 - 14) =     12.15259  eV     1   --> B_2g           
     e( 15 - 15) =     12.71039  eV     1   --> B_3u           
     e( 16 - 16) =     12.75208  eV     1   --> A_g            

 **************************************************************************

 **************************************************************************

                    xk=(   0.49667,   0.29445,   0.00000  )

     point group C_2v (mm2) 
     there are  4 classes
     the character table:

       E     C2    s_v   s_v' 
A_1    1.00  1.00  1.00  1.00
A_2    1.00  1.00 -1.00 -1.00
B_1    1.00 -1.00  1.00 -1.00
B_2    1.00 -1.00 -1.00  1.00

     the symmetry operations in each class and the name of the first element:

     E        1
                                                                 
     C2       2
                                                                 
     s_v      4
                                                                 
     s_v'     3
                                                                 

     Band symmetry, C_2v (mm2)  point group:

     e(  1 -  1) =    -16.16884  eV     1   --> B_2  D_4  S_4  
     e(  2 -  2) =    -15.23460  eV     1   --> A_1  D_1  S_1  
     e(  3 -  3) =     -8.36000  eV     1   --> A_1  D_1  S_1  
     e(  4 -  4) =     -4.29912  eV     1   --> A_2  D_2  S_2  
     e(  5 -  5) =     -0.25303  eV     1   --> B_1  D_3  S_3  
     e(  6 -  6) =      5.56381  eV     1   --> A_1  D_1  S_1  
     e(  7 -  7) =      9.29105  eV     1   --> B_2  D_4  S_4  
     e(  8 -  8) =      9.41300  eV     1   --> A_1  D_1  S_1  
     e(  9 -  9) =     10.10092  eV     1   --> B_1  D_3  S_3  
     e( 10 - 10) =     10.28996  eV     1   --> A_2  D_2  S_2  
     e( 11 - 11) =     10.46880  eV     1   --> B_2  D_4  S_4  
     e( 12 - 12) =     10.49681  eV     1   --> A_1  D_1  S_1  
     e( 13 - 13) =     11.73930  eV     1   --> B_1  D_3  S_3  
     e( 14 - 14) =     12.15368  eV     1   --> A_2  D_2  S_2  
     e( 15 - 15) =     12.71129  eV     1   --> B_2  D_4  S_4  
     e( 16 - 16) =     12.75308  eV     1   --> A_1  D_1  S_1  

 **************************************************************************

 **************************************************************************

                    xk=(   0.49333,   0.30022,   0.00000  )

     Band symmetry, C_2v (mm2)  point group:

     e(  1 -  1) =    -16.16682  eV     1   --> B_2  D_4  S_4  
     e(  2 -  2) =    -15.23252  eV     1   --> A_1  D_1  S_1  
     e(  3 -  3) =     -8.37080  eV     1   --> A_1  D_1  S_1  
     e(  4 -  4) =     -4.29621  eV     1   --> A_2  D_2  S_2  
     e(  5 -  5) =     -0.25360  eV     1   --> B_1  D_3  S_3  
     e(  6 -  6) =      5.57833  eV     1   --> A_1  D_1  S_1  
     e(  7 -  7) =      9.29388  eV     1   --> B_2  D_4  S_4  
     e(  8 -  8) =      9.41600  eV     1   --> A_1  D_1  S_1  
     e(  9 -  9) =     10.10138  eV     1   --> B_1  D_3  S_3  
     e( 10 - 10) =     10.29325  eV     1   --> A_2  D_2  S_2  
     e( 11 - 11) =     10.47199  eV     1   --> B_2  D_4  S_4  
     e( 12 - 12) =     10.50003  eV     1   --> A_1  D_1  S_1  
     e( 13 - 13) =     11.73841  eV     1   --> B_1  D_3  S_3  
     e( 14 - 14) =     12.15695  eV     1   --> A_2  D_2  S_2  
     e( 15 - 15) =     12.71400  eV     1   --> B_2  D_4  S_4  
     e( 16 - 16) =     12.75606  eV     1   --> A_1  D_1  S_1  

 **************************************************************************

 **************************************************************************

                    xk=(   0.49000,   0.30600,   0.00000  )

     Band symmetry, C_2v (mm2)  point group:

     e(  1 -  1) =    -16.16345  eV     1   --> B_2  D_4  S_4  
     e(  2 -  2) =    -15.22907  eV     1   --> A_1  D_1  S_1  
     e(  3 -  3) =     -8.38873  eV     1   --> A_1  D_1  S_1  
     e(  4 -  4) =     -4.29136  eV     1   --> A_2  D_2  S_2  
     e(  5 -  5) =     -0.25458  eV     1   --> B_1  D_3  S_3  
     e(  6 -  6) =      5.60249  eV     1   --> A_1  D_1  S_1  
     e(  7 -  7) =      9.29858  eV     1   --> B_2  D_4  S_4  
     e(  8 -  8) =      9.42099  eV     1   --> A_1  D_1  S_1  
     e(  9 -  9) =     10.10209  eV     1   --> B_1  D_3  S_3  
     e( 10 - 10) =     10.29873  eV     1   --> A_2  D_2  S_2  
     e( 11 - 11) =     10.47731  eV     1   --> B_2  D_4  S_4  
     e( 12 - 12) =     10.50540  eV     1   --> A_1  D_1  S_1  
     e( 13 - 13) =     11.73692  eV     1   --> B_1  D_3  S_3  
     e( 14 - 14) =     12.16240  eV     1   --> A_2  D_2  S_2  
     e( 15 - 15) =     12.71851  eV     1   --> B_2  D_4  S_4  
     e( 16 - 16) =     12.76103  eV     1   --> A_1  D_1  S_1  

 **************************************************************************

 **************************************************************************

                    xk=(   0.48667,   0.31177,   0.00000  )

     Band symmetry, C_2v (mm2)  point group:

     e(  1 -  1) =    -16.15872  eV     1   --> B_2  D_4  S_4  
     e(  2 -  2) =    -15.22424  eV     1   --> A_1  D_1  S_1  
     e(  3 -  3) =     -8.41373  eV     1   --> A_1  D_1  S_1  
     e(  4 -  4) =     -4.28457  eV     1   --> A_2  D_2  S_2  
     e(  5 -  5) =     -0.25596  eV     1   --> B_1  D_3  S_3  
     e(  6 -  6) =      5.63618  eV     1   --> A_1  D_1  S_1  
     e(  7 -  7) =      9.30517  eV     1   --> B_2  D_4  S_4  
     e(  8 -  8) =      9.42799  eV     1   --> A_1  D_1  S_1  
     e(  9 -  9) =     10.10299  eV     1   --> B_1  D_3  S_3  
     e( 10 - 10) =     10.30640  eV     1   --> A_2  D_2  S_2  
     e( 11 - 11) =     10.48475  eV     1   --> B_2  D_4  S_4  
     e( 12 - 12) =     10.51292  eV     1   --> A_1  D_1  S_1  
     e( 13 - 13) =     11.73479  eV     1   --> B_1  D_3  S_3  
     e( 14 - 14) =     12.17004  eV     1   --> A_2  D_2  S_2  
     e( 15 - 15) =     12.72482  eV     1   --> B_2  D_4  S_4  
     e( 16 - 16) =     12.76798  eV     1   --> A_1  D_1  S_1  

 **************************************************************************

 **************************************************************************

                    xk=(   0.48333,   0.31754,   0.00000  )

     Band symmetry, C_2v (mm2)  point group:

     e(  1 -  1) =    -16.15265  eV     1   --> B_2  D_4  S_4  
     e(  2 -  2) =    -15.21802  eV     1   --> A_1  D_1  S_1  
     e(  3 -  3) =     -8.44566  eV     1   --> A_1  D_1  S_1  
     e(  4 -  4) =     -4.27584  eV     1   --> A_2  D_2  S_2  
     e(  5 -  5) =     -0.25778  eV     1   --> B_1  D_3  S_3  
     e(  6 -  6) =      5.67932  eV     1   --> A_1  D_1  S_1  
     e(  7 -  7) =      9.31363  eV     1   --> B_2  D_4  S_4  
     e(  8 -  8) =      9.43697  eV     1   --> A_1  D_1  S_1  
     e(  9 -  9) =     10.10397  eV     1   --> B_1  D_3  S_3  
     e( 10 - 10) =     10.31627  eV     1   --> A_2  D_2  S_2  
     e( 11 - 11) =     10.49431  eV     1   --> B_2  D_4  S_4  
     e( 12 - 12) =     10.52259  eV     1   --> A_1  D_1  S_1  
     e( 13 - 13) =     11.73200  eV     1   --> B_1  D_3  S_3  
     e( 14 - 14) =     12.17985  eV     1   --> A_2  D_2  S_2  
     e( 15 - 15) =     12.73293  eV     1   --> B_2  D_4  S_4  
     e( 16 - 16) =     12.77692  eV     1   --> A_1  D_1  S_1  

 **************************************************************************

 **************************************************************************

                    xk=(   0.48000,   0.32332,   0.00000  )

     Band symmetry, C_2v (mm2)  point group:

     e(  1 -  1) =    -16.14524  eV     1   --> B_2  D_4  S_4  
     e(  2 -  2) =    -15.21044  eV     1   --> A_1  D_1  S_1  
     e(  3 -  3) =     -8.48439  eV     1   --> A_1  D_1  S_1  
     e(  4 -  4) =     -4.26517  eV     1   --> A_2  D_2  S_2  
     e(  5 -  5) =     -0.26005  eV     1   --> B_1  D_3  S_3  
     e(  6 -  6) =      5.73166  eV     1   --> A_1  D_1  S_1  
     e(  7 -  7) =      9.32395  eV     1   --> B_2  D_4  S_4  
     e(  8 -  8) =      9.44795  eV     1   --> A_1  D_1  S_1  
     e(  9 -  9) =     10.10490  eV     1   --> B_1  D_3  S_3  
     e( 10 - 10) =     10.32832  eV     1   --> A_2  D_2  S_2  
     e( 11 - 11) =     10.50600  eV     1   --> B_2  D_4  S_4  
     e( 12 - 12) =     10.53440  eV     1   --> A_1  D_1  S_1  
     e( 13 - 13) =     11.72849  eV     1   --> B_1  D_3  S_3  
     e( 14 - 14) =     12.19184  eV     1   --> A_2  D_2  S_2  
     e( 15 - 15) =     12.74281  eV     1   --> B_2  D_4  S_4  
     e( 16 - 16) =     12.78783  eV     1   --> A_1  D_1  S_1  

 **************************************************************************

 **************************************************************************

                    xk=(   0.47667,   0.32909,   0.00000  )

     Band symmetry, C_2v (mm2)  point group:

     e(  1 -  1) =    -16.13647  eV     1   --> B_2  D_4  S_4  
     e(  2 -  2) =    -15.20150  eV     1   --> A_1  D_1  S_1  
     e(  3 -  3) =     -8.52976  eV     1   --> A_1  D_1  S_1  
     e(  4 -  4) =     -4.25256  eV     1   --> A_2  D_2  S_2  
     e(  5 -  5) =     -0.26280  eV     1   --> B_1  D_3  S_3  
     e(  6 -  6) =      5.79305  eV     1   --> A_1  D_1  S_1  
     e(  7 -  7) =      9.33615  eV     1   --> B_2  D_4  S_4  
     e(  8 -  8) =      9.46091  eV     1   --> A_1  D_1  S_1  
     e(  9 -  9) =     10.10561  eV     1   --> B_1  D_3  S_3  
     e( 10 - 10) =     10.34257  eV     1   --> A_2  D_2  S_2  
     e( 11 - 11) =     10.51981  eV     1   --> B_2  D_4  S_4  
     e( 12 - 12) =     10.54836  eV     1   --> A_1  D_1  S_1  
     e( 13 - 13) =     11.72425  eV     1   --> B_1  D_3  S_3  
     e( 14 - 14) =     12.20602  eV     1   --> A_2  D_2  S_2  
     e( 15 - 15) =     12.75447  eV     1   --> B_2  D_4  S_4  
     e( 16 - 16) =     12.80071  eV     1   --> A_1  D_1  S_1  

 **************************************************************************

 **************************************************************************

                    xk=(   0.47333,   0.33486,   0.00000  )

     Band symmetry, C_2v (mm2)  point group:

     e(  1 -  1) =    -16.12636  eV     1   --> B_2  D_4  S_4  
     e(  2 -  2) =    -15.19119  eV     1   --> A_1  D_1  S_1  
     e(  3 -  3) =     -8.58155  eV     1   --> A_1  D_1  S_1  
     e(  4 -  4) =     -4.23801  eV     1   --> A_2  D_2  S_2  
     e(  5 -  5) =     -0.26608  eV     1   --> B_1  D_3  S_3  
     e(  6 -  6) =      5.86328  eV     1   --> A_1  D_1  S_1  
     e(  7 -  7) =      9.35020  eV     1   --> B_2  D_4  S_4  
     e(  8 -  8) =      9.47585  eV     1   --> A_1  D_1  S_1  
     e(  9 -  9) =     10.10589  eV     1   --> B_1  D_3  S_3  
     e( 10 - 10) =     10.35901  eV     1   --> A_2  D_2  S_2  
     e( 11 - 11) =     10.53574  eV     1   --> B_2  D_4  S_4  
     e( 12 - 12) =     10.56446  eV     1   --> A_1  D_1  S_1  
     e( 13 - 13) =     11.71924  eV     1   --> B_1  D_3  S_3  
     e( 14 - 14) =     12.22237  eV     1   --> A_2  D_2  S_2  
     e( 15 - 15) =     12.76789  eV     1   --> B_2  D_4  S_4  
     e( 16 - 16) =     12.81557  eV     1   --> A_1  D_1  S_1  

 **************************************************************************

 **************************************************************************

                    xk=(   0.47000,   0.34064,   0.00000  )

     Band symmetry, C_2v (mm2)  point group:

     e(  1 -  1) =    -16.11488  eV     1   --> B_2  D_4  S_4  
     e(  2 -  2) =    -15.17954  eV     1   --> A_1  D_1  S_1  
     e(  3 -  3) =     -8.63956  eV     1   --> A_1  D_1  S_1  
     e(  4 -  4) =     -4.22153  eV     1   --> A_2  D_2  S_2  
     e(  5 -  5) =     -0.26992  eV     1   --> B_1  D_3  S_3  
     e(  6 -  6) =      5.94210  eV     1   --> A_1  D_1  S_1  
     e(  7 -  7) =      9.36610  eV     1   --> B_2  D_4  S_4  
     e(  8 -  8) =      9.49277  eV     1   --> A_1  D_1  S_1  
     e(  9 -  9) =     10.10550  eV     1   --> B_1  D_3  S_3  
     e( 10 - 10) =     10.37764  eV     1   --> A_2  D_2  S_2  
     e( 11 - 11) =     10.55380  eV     1   --> B_2  D_4  S_4  
     e( 12 - 12) =     10.58271  eV     1   --> A_1  D_1  S_1  
     e( 13 - 13) =     11.71346  eV     1   --> B_1  D_3  S_3  
     e( 14 - 14) =     12.24090  eV     1   --> A_2  D_2  S_2  
     e( 15 - 15) =     12.78305  eV     1   --> B_2  D_4  S_4  
     e( 16 - 16) =     12.83238  eV     1   --> A_1  D_1  S_1  

 **************************************************************************

 **************************************************************************

                    xk=(   0.46667,   0.34641,   0.00000  )

     Band symmetry, C_2v (mm2)  point group:

     e(  1 -  1) =    -16.10208  eV     1   --> B_2  D_4  S_4  
     e(  2 -  2) =    -15.16654  eV     1   --> A_1  D_1  S_1  
     e(  3 -  3) =     -8.70355  eV     1   --> A_1  D_1  S_1  
     e(  4 -  4) =     -4.20311  eV     1   --> A_2  D_2  S_2  
     e(  5 -  5) =     -0.27439  eV     1   --> B_1  D_3  S_3  
     e(  6 -  6) =      6.02929  eV     1   --> A_1  D_1  S_1  
     e(  7 -  7) =      9.38384  eV     1   --> B_2  D_4  S_4  
     e(  8 -  8) =      9.51166  eV     1   --> A_1  D_1  S_1  
     e(  9 -  9) =     10.10415  eV     1   --> B_1  D_3  S_3  
     e( 10 - 10) =     10.39846  eV     1   --> A_2  D_2  S_2  
     e( 11 - 11) =     10.57397  eV     1   --> B_2  D_4  S_4  
     e( 12 - 12) =     10.60310  eV     1   --> A_1  D_1  S_1  
     e( 13 - 13) =     11.70695  eV     1   --> B_1  D_3  S_3  
     e( 14 - 14) =     12.26161  eV     1   --> A_2  D_2  S_2  
     e( 15 - 15) =     12.79993  eV     1   --> B_2  D_4  S_4  
     e( 16 - 16) =     12.85115  eV     1   --> A_1  D_1  S_1  

 **************************************************************************

 **************************************************************************

                    xk=(   0.46333,   0.35218,   0.00000  )

     Band symmetry, C_2v (mm2)  point group:

     e(  1 -  1) =    -16.08793  eV     1   --> B_2  D_4  S_4  
     e(  2 -  2) =    -15.15219  eV     1   --> A_1  D_1  S_1  
     e(  3 -  3) =     -8.77324  eV     1   --> A_1  D_1  S_1  
     e(  4 -  4) =     -4.18276  eV     1   --> A_2  D_2  S_2  
     e(  5 -  5) =     -0.27951  eV     1   --> B_1  D_3  S_3  
     e(  6 -  6) =      6.12459  eV     1   --> A_1  D_1  S_1  
     e(  7 -  7) =      9.40342  eV     1   --> B_2  D_4  S_4  
     e(  8 -  8) =      9.53252  eV     1   --> A_1  D_1  S_1  
     e(  9 -  9) =     10.10151  eV     1   --> B_1  D_3  S_3  
     e( 10 - 10) =     10.42148  eV     1   --> A_2  D_2  S_2  
     e( 11 - 11) =     10.59625  eV     1   --> B_2  D_4  S_4  
     e( 12 - 12) =     10.62563  eV     1   --> A_1  D_1  S_1  
     e( 13 - 13) =     11.69977  eV     1   --> B_1  D_3  S_3  
     e( 14 - 14) =     12.28450  eV     1   --> A_2  D_2  S_2  
     e( 15 - 15) =     12.81851  eV     1   --> B_2  D_4  S_4  
     e( 16 - 16) =     12.87186  eV     1   --> A_1  D_1  S_1  

 **************************************************************************

 **************************************************************************

                    xk=(   0.46000,   0.35796,   0.00000  )

     Band symmetry, C_2v (mm2)  point group:

     e(  1 -  1) =    -16.07243  eV     1   --> B_2  D_4  S_4  
     e(  2 -  2) =    -15.13653  eV     1   --> A_1  D_1  S_1  
     e(  3 -  3) =     -8.84839  eV     1   --> A_1  D_1  S_1  
     e(  4 -  4) =     -4.16048  eV     1   --> A_2  D_2  S_2  
     e(  5 -  5) =     -0.28537  eV     1   --> B_1  D_3  S_3  
     e(  6 -  6) =      6.22764  eV     1   --> A_1  D_1  S_1  
     e(  7 -  7) =      9.42481  eV     1   --> B_2  D_4  S_4  
     e(  8 -  8) =      9.55533  eV     1   --> A_1  D_1  S_1  
     e(  9 -  9) =     10.09720  eV     1   --> B_1  D_3  S_3  
     e( 10 - 10) =     10.44668  eV     1   --> A_2  D_2  S_2  
     e( 11 - 11) =     10.62066  eV     1   --> B_2  D_4  S_4  
     e( 12 - 12) =     10.65030  eV     1   --> A_1  D_1  S_1  
     e( 13 - 13) =     11.69206  eV     1   --> B_1  D_3  S_3  
     e( 14 - 14) =     12.30957  eV     1   --> A_2  D_2  S_2  
     e( 15 - 15) =     12.83878  eV     1   --> B_2  D_4  S_4  
     e( 16 - 16) =     12.89450  eV     1   --> A_1  D_1  S_1  

 **************************************************************************

 **************************************************************************

                    xk=(   0.45667,   0.36373,   0.00000  )

     Band symmetry, C_2v (mm2)  point group:

     e(  1 -  1) =    -16.05558  eV     1   --> B_2  D_4  S_4  
     e(  2 -  2) =    -15.11955  eV     1   --> A_1  D_1  S_1  
     e(  3 -  3) =     -8.92873  eV     1   --> A_1  D_1  S_1  
     e(  4 -  4) =     -4.13626  eV     1   --> A_2  D_2  S_2  
     e(  5 -  5) =     -0.29202  eV     1   --> B_1  D_3  S_3  
     e(  6 -  6) =      6.33814  eV     1   --> A_1  D_1  S_1  
     e(  7 -  7) =      9.44800  eV     1   --> B_2  D_4  S_4  
     e(  8 -  8) =      9.58009  eV     1   --> A_1  D_1  S_1  
     e(  9 -  9) =     10.09082  eV     1   --> B_1  D_3  S_3  
     e( 10 - 10) =     10.47408  eV     1   --> A_2  D_2  S_2  
     e( 11 - 11) =     10.64717  eV     1   --> B_2  D_4  S_4  
     e( 12 - 12) =     10.67711  eV     1   --> A_1  D_1  S_1  
     e( 13 - 13) =     11.68401  eV     1   --> B_1  D_3  S_3  
     e( 14 - 14) =     12.33682  eV     1   --> A_2  D_2  S_2  
     e( 15 - 15) =     12.86069  eV     1   --> B_2  D_4  S_4  
     e( 16 - 16) =     12.91907  eV     1   --> A_1  D_1  S_1  

 **************************************************************************

 **************************************************************************

                    xk=(   0.45333,   0.36950,   0.00000  )

     Band symmetry, C_2v (mm2)  point group:

     e(  1 -  1) =    -16.03737  eV     1   --> B_2  D_4  S_4  
     e(  2 -  2) =    -15.10126  eV     1   --> A_1  D_1  S_1  
     e(  3 -  3) =     -9.01396  eV     1   --> A_1  D_1  S_1  
     e(  4 -  4) =     -4.11012  eV     1   --> A_2  D_2  S_2  
     e(  5 -  5) =     -0.29952  eV     1   --> B_1  D_3  S_3  
     e(  6 -  6) =      6.45580  eV     1   --> A_1  D_1  S_1  
     e(  7 -  7) =      9.47299  eV     1   --> B_2  D_4  S_4  
     e(  8 -  8) =      9.60679  eV     1   --> A_1  D_1  S_1  
     e(  9 -  9) =     10.08190  eV     1   --> B_1  D_3  S_3  
     e( 10 - 10) =     10.50366  eV     1   --> A_2  D_2  S_2  
     e( 11 - 11) =     10.67579  eV     1   --> B_2  D_4  S_4  
     e( 12 - 12) =     10.70606  eV     1   --> A_1  D_1  S_1  
     e( 13 - 13) =     11.67592  eV     1   --> B_1  D_3  S_3  
     e( 14 - 14) =     12.36625  eV     1   --> A_2  D_2  S_2  
     e( 15 - 15) =     12.88423  eV     1   --> B_2  D_4  S_4  
     e( 16 - 16) =     12.94555  eV     1   --> A_1  D_1  S_1  

 **************************************************************************

 **************************************************************************

                    xk=(   0.45000,   0.37528,   0.00000  )

     Band symmetry, C_2v (mm2)  point group:

     e(  1 -  1) =    -16.01782  eV     1   --> B_2  D_4  S_4  
     e(  2 -  2) =    -15.08169  eV     1   --> A_1  D_1  S_1  
     e(  3 -  3) =     -9.10380  eV     1   --> A_1  D_1  S_1  
     e(  4 -  4) =     -4.08204  eV     1   --> A_2  D_2  S_2  
     e(  5 -  5) =     -0.30797  eV     1   --> B_1  D_3  S_3  
     e(  6 -  6) =      6.58027  eV     1   --> A_1  D_1  S_1  
     e(  7 -  7) =      9.49975  eV     1   --> B_2  D_4  S_4  
     e(  8 -  8) =      9.63542  eV     1   --> A_1  D_1  S_1  
     e(  9 -  9) =     10.06999  eV     1   --> B_1  D_3  S_3  
     e( 10 - 10) =     10.53544  eV     1   --> A_2  D_2  S_2  
     e( 11 - 11) =     10.70653  eV     1   --> B_2  D_4  S_4  
     e( 12 - 12) =     10.73713  eV     1   --> A_1  D_1  S_1  
     e( 13 - 13) =     11.66812  eV     1   --> B_1  D_3  S_3  
     e( 14 - 14) =     12.39785  eV     1   --> A_2  D_2  S_2  
     e( 15 - 15) =     12.90935  eV     1   --> B_2  D_4  S_4  
     e( 16 - 16) =     12.97393  eV     1   --> A_1  D_1  S_1  

 **************************************************************************

 **************************************************************************

                    xk=(   0.44667,   0.38105,   0.00000  )

     Band symmetry, C_2v (mm2)  point group:

     e(  1 -  1) =    -15.99692  eV     1   --> B_2  D_4  S_4  
     e(  2 -  2) =    -15.06085  eV     1   --> A_1  D_1  S_1  
     e(  3 -  3) =     -9.19798  eV     1   --> A_1  D_1  S_1  
     e(  4 -  4) =     -4.05205  eV     1   --> A_2  D_2  S_2  
     e(  5 -  5) =     -0.31745  eV     1   --> B_1  D_3  S_3  
     e(  6 -  6) =      6.71121  eV     1   --> A_1  D_1  S_1  
     e(  7 -  7) =      9.52826  eV     1   --> B_2  D_4  S_4  
     e(  8 -  8) =      9.66596  eV     1   --> A_1  D_1  S_1  
     e(  9 -  9) =     10.05462  eV     1   --> B_1  D_3  S_3  
     e( 10 - 10) =     10.56940  eV     1   --> A_2  D_2  S_2  
     e( 11 - 11) =     10.73936  eV     1   --> B_2  D_4  S_4  
     e( 12 - 12) =     10.77034  eV     1   --> A_1  D_1  S_1  
     e( 13 - 13) =     11.66107  eV     1   --> B_1  D_3  S_3  
     e( 14 - 14) =     12.43164  eV     1   --> A_2  D_2  S_2  
     e( 15 - 15) =     12.93601  eV     1   --> B_2  D_4  S_4  
     e( 16 - 16) =     13.00418  eV     1   --> A_1  D_1  S_1  

 **************************************************************************

 **************************************************************************

                    xk=(   0.44333,   0.38682,   0.00000  )

     Band symmetry, C_2v (mm2)  point group:

     e(  1 -  1) =    -15.97468  eV     1   --> B_2  D_4  S_4  
     e(  2 -  2) =    -15.03877  eV     1   --> A_1  D_1  S_1  
     e(  3 -  3) =     -9.29619  eV     1   --> A_1  D_1  S_1  
     e(  4 -  4) =     -4.02013  eV     1   --> A_2  D_2  S_2  
     e(  5 -  5) =     -0.32803  eV     1   --> B_1  D_3  S_3  
     e(  6 -  6) =      6.84828  eV     1   --> A_1  D_1  S_1  
     e(  7 -  7) =      9.55851  eV     1   --> B_2  D_4  S_4  
     e(  8 -  8) =      9.69840  eV     1   --> A_1  D_1  S_1  
     e(  9 -  9) =     10.03532  eV     1   --> B_1  D_3  S_3  
     e( 10 - 10) =     10.60556  eV     1   --> A_2  D_2  S_2  
     e( 11 - 11) =     10.77429  eV     1   --> B_2  D_4  S_4  
     e( 12 - 12) =     10.80568  eV     1   --> A_1  D_1  S_1  
     e( 13 - 13) =     11.65527  eV     1   --> B_1  D_3  S_3  
     e( 14 - 14) =     12.46759  eV     1   --> A_2  D_2  S_2  
     e( 15 - 15) =     12.96417  eV     1   --> B_2  D_4  S_4  
     e( 16 - 16) =     13.03630  eV     1   --> A_1  D_1  S_1  

 **************************************************************************

 **************************************************************************

                    xk=(   0.44000,   0.39260,   0.00000  )

     Band symmetry, C_2v (mm2)  point group:

     e(  1 -  1) =    -15.95110  eV     1   --> B_2  D_4  S_4  
     e(  2 -  2) =    -15.01546  eV     1   --> A_1  D_1  S_1  
     e(  3 -  3) =     -9.39816  eV     1   --> A_1  D_1  S_1  
     e(  4 -  4) =     -3.98629  eV     1   --> A_2  D_2  S_2  
     e(  5 -  5) =     -0.33981  eV     1   --> B_1  D_3  S_3  
     e(  6 -  6) =      6.99120  eV     1   --> A_1  D_1  S_1  
     e(  7 -  7) =      9.59046  eV     1   --> B_2  D_4  S_4  
     e(  8 -  8) =      9.73274  eV     1   --> A_1  D_1  S_1  
     e(  9 -  9) =     10.01169  eV     1   --> B_1  D_3  S_3  
     e( 10 - 10) =     10.64390  eV     1   --> A_2  D_2  S_2  
     e( 11 - 11) =     10.81132  eV     1   --> B_2  D_4  S_4  
     e( 12 - 12) =     10.84314  eV     1   --> A_1  D_1  S_1  
     e( 13 - 13) =     11.65127  eV     1   --> B_1  D_3  S_3  
     e( 14 - 14) =     12.50573  eV     1   --> A_2  D_2  S_2  
     e( 15 - 15) =     12.99377  eV     1   --> B_2  D_4  S_4  
     e( 16 - 16) =     13.07026  eV     1   --> A_1  D_1  S_1  

 **************************************************************************

 **************************************************************************

                    xk=(   0.43667,   0.39837,   0.00000  )

     Band symmetry, C_2v (mm2)  point group:

     e(  1 -  1) =    -15.92616  eV     1   --> B_2  D_4  S_4  
     e(  2 -  2) =    -14.99095  eV     1   --> A_1  D_1  S_1  
     e(  3 -  3) =     -9.50359  eV     1   --> A_1  D_1  S_1  
     e(  4 -  4) =     -3.95053  eV     1   --> A_2  D_2  S_2  
     e(  5 -  5) =     -0.35288  eV     1   --> B_1  D_3  S_3  
     e(  6 -  6) =      7.13949  eV     1   --> A_1  D_1  S_1  
     e(  7 -  7) =      9.62410  eV     1   --> B_2  D_4  S_4  
     e(  8 -  8) =      9.76894  eV     1   --> A_1  D_1  S_1  
     e(  9 -  9) =      9.98340  eV     1   --> B_1  D_3  S_3  
     e( 10 - 10) =     10.68443  eV     1   --> A_2  D_2  S_2  
     e( 11 - 11) =     10.85044  eV     1   --> B_2  D_4  S_4  
     e( 12 - 12) =     10.88272  eV     1   --> A_1  D_1  S_1  
     e( 13 - 13) =     11.64965  eV     1   --> B_1  D_3  S_3  
     e( 14 - 14) =     12.54604  eV     1   --> A_2  D_2  S_2  
     e( 15 - 15) =     13.02477  eV     1   --> B_2  D_4  S_4  
     e( 16 - 16) =     13.10603  eV     1   --> A_1  D_1  S_1  

 **************************************************************************

 **************************************************************************

                    xk=(   0.43333,   0.40415,   0.00000  )

     Band symmetry, C_2v (mm2)  point group:

     e(  1 -  1) =    -15.89988  eV     1   --> B_2  D_4  S_4  
     e(  2 -  2) =    -14.96528  eV     1   --> A_1  D_1  S_1  
     e(  3 -  3) =     -9.61222  eV     1   --> A_1  D_1  S_1  
     e(  4 -  4) =     -3.91285  eV     1   --> A_2  D_2  S_2  
     e(  5 -  5) =     -0.36734  eV     1   --> B_1  D_3  S_3  
     e(  6 -  6) =      7.29283  eV     1   --> A_1  D_1  S_1  
     e(  7 -  7) =      9.65939  eV     1   --> B_2  D_4  S_4  
     e(  8 -  8) =      9.80700  eV     1   --> A_1  D_1  S_1  
     e(  9 -  9) =      9.95025  eV     1   --> B_1  D_3  S_3  
     e( 10 - 10) =     10.72715  eV     1   --> A_2  D_2  S_2  
     e( 11 - 11) =     10.89164  eV     1   --> B_2  D_4  S_4  
     e( 12 - 12) =     10.92443  eV     1   --> A_1  D_1  S_1  
     e( 13 - 13) =     11.65094  eV     1   --> B_1  D_3  S_3  
     e( 14 - 14) =     12.58852  eV     1   --> A_2  D_2  S_2  
     e( 15 - 15) =     13.05708  eV     1   --> B_2  D_4  S_4  
     e( 16 - 16) =     13.14361  eV     1   --> A_1  D_1  S_1  

 **************************************************************************

 **************************************************************************

                    xk=(   0.43000,   0.40992,   0.00000  )

     Band symmetry, C_2v (mm2)  point group:

     e(  1 -  1) =    -15.87227  eV     1   --> B_2  D_4  S_4  
     e(  2 -  2) =    -14.93846  eV     1   --> A_1  D_1  S_1  
     e(  3 -  3) =     -9.72374  eV     1   --> A_1  D_1  S_1  
     e(  4 -  4) =     -3.87327  eV     1   --> A_2  D_2  S_2  
     e(  5 -  5) =     -0.38332  eV     1   --> B_1  D_3  S_3  
     e(  6 -  6) =      7.45090  eV     1   --> A_1  D_1  S_1  
     e(  7 -  7) =      9.69631  eV     1   --> B_2  D_4  S_4  
     e(  8 -  8) =      9.84690  eV     1   --> A_1  D_1  S_1  
     e(  9 -  9) =      9.91213  eV     1   --> B_1  D_3  S_3  
     e( 10 - 10) =     10.77206  eV     1   --> A_2  D_2  S_2  
     e( 11 - 11) =     10.93493  eV     1   --> B_2  D_4  S_4  
     e( 12 - 12) =     10.96824  eV     1   --> A_1  D_1  S_1  
     e( 13 - 13) =     11.65565  eV     1   --> B_1  D_3  S_3  
     e( 14 - 14) =     12.63318  eV     1   --> A_2  D_2  S_2  
     e( 15 - 15) =     13.09065  eV     1   --> B_2  D_4  S_4  
     e( 16 - 16) =     13.18294  eV     1   --> A_1  D_1  S_1  

 **************************************************************************

 **************************************************************************

                    xk=(   0.42667,   0.41569,   0.00000  )

     Band symmetry, C_2v (mm2)  point group:

     e(  1 -  1) =    -15.84329  eV     1   --> B_2  D_4  S_4  
     e(  2 -  2) =    -14.91055  eV     1   --> A_1  D_1  S_1  
     e(  3 -  3) =     -9.83790  eV     1   --> A_1  D_1  S_1  
     e(  4 -  4) =     -3.83177  eV     1   --> A_2  D_2  S_2  
     e(  5 -  5) =     -0.40089  eV     1   --> B_1  D_3  S_3  
     e(  6 -  6) =      7.61330  eV     1   --> A_1  D_1  S_1  
     e(  7 -  7) =      9.73482  eV     1   --> B_2  D_4  S_4  
     e(  8 -  8) =      9.86912  eV     1   --> B_1  D_3  S_3  
     e(  9 -  9) =      9.88862  eV     1   --> A_1  D_1  S_1  
     e( 10 - 10) =     10.81915  eV     1   --> A_2  D_2  S_2  
     e( 11 - 11) =     10.98029  eV     1   --> B_2  D_4  S_4  
     e( 12 - 12) =     11.01417  eV     1   --> A_1  D_1  S_1  
     e( 13 - 13) =     11.66419  eV     1   --> B_1  D_3  S_3  
     e( 14 - 14) =     12.68001  eV     1   --> A_2  D_2  S_2  
     e( 15 - 15) =     13.12539  eV     1   --> B_2  D_4  S_4  
     e( 16 - 16) =     13.22402  eV     1   --> A_1  D_1  S_1  

 **************************************************************************

 **************************************************************************

                    xk=(   0.42333,   0.42147,   0.00000  )

     Band symmetry, C_2v (mm2)  point group:

     e(  1 -  1) =    -15.81299  eV     1   --> B_2  D_4  S_4  
     e(  2 -  2) =    -14.88157  eV     1   --> A_1  D_1  S_1  
     e(  3 -  3) =     -9.95443  eV     1   --> A_1  D_1  S_1  
     e(  4 -  4) =     -3.78837  eV     1   --> A_2  D_2  S_2  
     e(  5 -  5) =     -0.42017  eV     1   --> B_1  D_3  S_3  
     e(  6 -  6) =      7.77966  eV     1   --> A_1  D_1  S_1  
     e(  7 -  7) =      9.77487  eV     1   --> B_2  D_4  S_4  
     e(  8 -  8) =      9.82142  eV     1   --> B_1  D_3  S_3  
     e(  9 -  9) =      9.93214  eV     1   --> A_1  D_1  S_1  
     e( 10 - 10) =     10.86843  eV     1   --> A_2  D_2  S_2  
     e( 11 - 11) =     11.02772  eV     1   --> B_2  D_4  S_4  
     e( 12 - 12) =     11.06221  eV     1   --> A_1  D_1  S_1  
     e( 13 - 13) =     11.67688  eV     1   --> B_1  D_3  S_3  
     e( 14 - 14) =     12.72902  eV     1   --> A_2  D_2  S_2  
     e( 15 - 15) =     13.16120  eV     1   --> B_2  D_4  S_4  
     e( 16 - 16) =     13.26679  eV     1   --> A_1  D_1  S_1  

 **************************************************************************

 **************************************************************************

                    xk=(   0.42000,   0.42724,   0.00000  )

     Band symmetry, C_2v (mm2)  point group:

     e(  1 -  1) =    -15.78134  eV     1   --> B_2  D_4  S_4  
     e(  2 -  2) =    -14.85160  eV     1   --> A_1  D_1  S_1  
     e(  3 -  3) =    -10.07305  eV     1   --> A_1  D_1  S_1  
     e(  4 -  4) =     -3.74306  eV     1   --> A_2  D_2  S_2  
     e(  5 -  5) =     -0.44128  eV     1   --> B_1  D_3  S_3  
     e(  6 -  6) =      7.94959  eV     1   --> A_1  D_1  S_1  
     e(  7 -  7) =      9.76938  eV     1   --> B_1  D_3  S_3  
     e(  8 -  8) =      9.81644  eV     1   --> B_2  D_4  S_4  
     e(  9 -  9) =      9.97743  eV     1   --> A_1  D_1  S_1  
     e( 10 - 10) =     10.91990  eV     1   --> A_2  D_2  S_2  
     e( 11 - 11) =     11.07720  eV     1   --> B_2  D_4  S_4  
     e( 12 - 12) =     11.11234  eV     1   --> A_1  D_1  S_1  
     e( 13 - 13) =     11.69393  eV     1   --> B_1  D_3  S_3  
     e( 14 - 14) =     12.78020  eV     1   --> A_2  D_2  S_2  
     e( 15 - 15) =     13.19799  eV     1   --> B_2  D_4  S_4  
     e( 16 - 16) =     13.31122  eV     1   --> A_1  D_1  S_1  

 **************************************************************************

 **************************************************************************

                    xk=(   0.41667,   0.43301,   0.00000  )

     Band symmetry, C_2v (mm2)  point group:

     e(  1 -  1) =    -15.74835  eV     1   --> B_2  D_4  S_4  
     e(  2 -  2) =    -14.82067  eV     1   --> A_1  D_1  S_1  
     e(  3 -  3) =    -10.19351  eV     1   --> A_1  D_1  S_1  
     e(  4 -  4) =     -3.69585  eV     1   --> A_2  D_2  S_2  
     e(  5 -  5) =     -0.46433  eV     1   --> B_1  D_3  S_3  
     e(  6 -  6) =      8.12267  eV     1   --> A_1  D_1  S_1  
     e(  7 -  7) =      9.71347  eV     1   --> B_1  D_3  S_3  
     e(  8 -  8) =      9.85946  eV     1   --> B_2  D_4  S_4  
     e(  9 -  9) =     10.02448  eV     1   --> A_1  D_1  S_1  
     e( 10 - 10) =     10.97355  eV     1   --> A_2  D_2  S_2  
     e( 11 - 11) =     11.12874  eV     1   --> B_2  D_4  S_4  
     e( 12 - 12) =     11.16458  eV     1   --> A_1  D_1  S_1  
     e( 13 - 13) =     11.71546  eV     1   --> B_1  D_3  S_3  
     e( 14 - 14) =     12.83355  eV     1   --> A_2  D_2  S_2  
     e( 15 - 15) =     13.23564  eV     1   --> B_2  D_4  S_4  
     e( 16 - 16) =     13.35727  eV     1   --> A_1  D_1  S_1  

 **************************************************************************

 **************************************************************************

                    xk=(   0.41333,   0.43879,   0.00000  )

     Band symmetry, C_2v (mm2)  point group:

     e(  1 -  1) =    -15.71401  eV     1   --> B_2  D_4  S_4  
     e(  2 -  2) =    -14.78884  eV     1   --> A_1  D_1  S_1  
     e(  3 -  3) =    -10.31551  eV     1   --> A_1  D_1  S_1  
     e(  4 -  4) =     -3.64675  eV     1   --> A_2  D_2  S_2  
     e(  5 -  5) =     -0.48942  eV     1   --> B_1  D_3  S_3  
     e(  6 -  6) =      8.29854  eV     1   --> A_1  D_1  S_1  
     e(  7 -  7) =      9.65427  eV     1   --> B_1  D_3  S_3  
     e(  8 -  8) =      9.90390  eV     1   --> B_2  D_4  S_4  
     e(  9 -  9) =     10.07327  eV     1   --> A_1  D_1  S_1  
     e( 10 - 10) =     11.02939  eV     1   --> A_2  D_2  S_2  
     e( 11 - 11) =     11.18233  eV     1   --> B_2  D_4  S_4  
     e( 12 - 12) =     11.21890  eV     1   --> A_1  D_1  S_1  
     e( 13 - 13) =     11.74150  eV     1   --> B_1  D_3  S_3  
     e( 14 - 14) =     12.88907  eV     1   --> A_2  D_2  S_2  
     e( 15 - 15) =     13.27404  eV     1   --> B_2  D_4  S_4  
     e( 16 - 16) =     13.40490  eV     1   --> A_1  D_1  S_1  

 **************************************************************************

 **************************************************************************

                    xk=(   0.41000,   0.44456,   0.00000  )

     Band symmetry, C_2v (mm2)  point group:

     e(  1 -  1) =    -15.67834  eV     1   --> B_2  D_4  S_4  
     e(  2 -  2) =    -14.75620  eV     1   --> A_1  D_1  S_1  
     e(  3 -  3) =    -10.43882  eV     1   --> A_1  D_1  S_1  
     e(  4 -  4) =     -3.59575  eV     1   --> A_2  D_2  S_2  
     e(  5 -  5) =     -0.51668  eV     1   --> B_1  D_3  S_3  
     e(  6 -  6) =      8.47671  eV     1   --> A_1  D_1  S_1  
     e(  7 -  7) =      9.59239  eV     1   --> B_1  D_3  S_3  
     e(  8 -  8) =      9.94969  eV     1   --> B_2  D_4  S_4  
     e(  9 -  9) =     10.12378  eV     1   --> A_1  D_1  S_1  
     e( 10 - 10) =     11.08741  eV     1   --> A_2  D_2  S_2  
     e( 11 - 11) =     11.23794  eV     1   --> B_2  D_4  S_4  
     e( 12 - 12) =     11.27532  eV     1   --> A_1  D_1  S_1  
     e( 13 - 13) =     11.77198  eV     1   --> B_1  D_3  S_3  
     e( 14 - 14) =     12.94675  eV     1   --> A_2  D_2  S_2  
     e( 15 - 15) =     13.31303  eV     1   --> B_2  D_4  S_4  
     e( 16 - 16) =     13.45403  eV     1   --> A_1  D_1  S_1  

 **************************************************************************

 **************************************************************************

                    xk=(   0.40667,   0.45033,   0.00000  )

     Band symmetry, C_2v (mm2)  point group:

     e(  1 -  1) =    -15.64133  eV     1   --> B_2  D_4  S_4  
     e(  2 -  2) =    -14.72284  eV     1   --> A_1  D_1  S_1  
     e(  3 -  3) =    -10.56316  eV     1   --> A_1  D_1  S_1  
     e(  4 -  4) =     -3.54287  eV     1   --> A_2  D_2  S_2  
     e(  5 -  5) =     -0.54621  eV     1   --> B_1  D_3  S_3  
     e(  6 -  6) =      8.65670  eV     1   --> A_1  D_1  S_1  
     e(  7 -  7) =      9.52850  eV     1   --> B_1  D_3  S_3  
     e(  8 -  8) =      9.99676  eV     1   --> B_2  D_4  S_4  
     e(  9 -  9) =     10.17599  eV     1   --> A_1  D_1  S_1  
     e( 10 - 10) =     11.14762  eV     1   --> A_2  D_2  S_2  
     e( 11 - 11) =     11.29558  eV     1   --> B_2  D_4  S_4  
     e( 12 - 12) =     11.33381  eV     1   --> A_1  D_1  S_1  
     e( 13 - 13) =     11.80683  eV     1   --> B_1  D_3  S_3  
     e( 14 - 14) =     13.00661  eV     1   --> A_2  D_2  S_2  
     e( 15 - 15) =     13.35247  eV     1   --> B_2  D_4  S_4  
     e( 16 - 16) =     13.50462  eV     1   --> A_1  D_1  S_1  

 **************************************************************************

 **************************************************************************

                    xk=(   0.40333,   0.45611,   0.00000  )

     Band symmetry, C_2v (mm2)  point group:

     e(  1 -  1) =    -15.60298  eV     1   --> B_2  D_4  S_4  
     e(  2 -  2) =    -14.68885  eV     1   --> A_1  D_1  S_1  
     e(  3 -  3) =    -10.68826  eV     1   --> A_1  D_1  S_1  
     e(  4 -  4) =     -3.48810  eV     1   --> A_2  D_2  S_2  
     e(  5 -  5) =     -0.57813  eV     1   --> B_1  D_3  S_3  
     e(  6 -  6) =      8.83809  eV     1   --> A_1  D_1  S_1  
     e(  7 -  7) =      9.46326  eV     1   --> B_1  D_3  S_3  
     e(  8 -  8) =     10.04504  eV     1   --> B_2  D_4  S_4  
     e(  9 -  9) =     10.22989  eV     1   --> A_1  D_1  S_1  
     e( 10 - 10) =     11.21000  eV     1   --> A_2  D_2  S_2  
     e( 11 - 11) =     11.35523  eV     1   --> B_2  D_4  S_4  
     e( 12 - 12) =     11.39438  eV     1   --> A_1  D_1  S_1  
     e( 13 - 13) =     11.84590  eV     1   --> B_1  D_3  S_3  
     e( 14 - 14) =     13.06863  eV     1   --> A_2  D_2  S_2  
     e( 15 - 15) =     13.39220  eV     1   --> B_2  D_4  S_4  
     e( 16 - 16) =     13.55658  eV     1   --> A_1  D_1  S_1  

 **************************************************************************

 **************************************************************************

                    xk=(   0.40000,   0.46188,   0.00000  )

     Band symmetry, C_2v (mm2)  point group:

     e(  1 -  1) =    -15.56327  eV     1   --> B_2  D_4  S_4  
     e(  2 -  2) =    -14.65435  eV     1   --> A_1  D_1  S_1  
     e(  3 -  3) =    -10.81383  eV     1   --> A_1  D_1  S_1  
     e(  4 -  4) =     -3.43144  eV     1   --> A_2  D_2  S_2  
     e(  5 -  5) =     -0.61253  eV     1   --> B_1  D_3  S_3  
     e(  6 -  6) =      9.02019  eV     1   --> A_1  D_1  S_1  
     e(  7 -  7) =      9.39736  eV     1   --> B_1  D_3  S_3  
     e(  8 -  8) =     10.09447  eV     1   --> B_2  D_4  S_4  
     e(  9 -  9) =     10.28550  eV     1   --> A_1  D_1  S_1  
     e( 10 - 10) =     11.27457  eV     1   --> A_2  D_2  S_2  
     e( 11 - 11) =     11.41688  eV     1   --> B_2  D_4  S_4  
     e( 12 - 12) =     11.45701  eV     1   --> A_1  D_1  S_1  
     e( 13 - 13) =     11.88902  eV     1   --> B_1  D_3  S_3  
     e( 14 - 14) =     13.13283  eV     1   --> A_2  D_2  S_2  
     e( 15 - 15) =     13.43205  eV     1   --> B_2  D_4  S_4  
     e( 16 - 16) =     13.60985  eV     1   --> A_1  D_1  S_1  

 **************************************************************************

 **************************************************************************

                    xk=(   0.39667,   0.46765,   0.00000  )

     Band symmetry, C_2v (mm2)  point group:

     e(  1 -  1) =    -15.52225  eV     1   --> B_2  D_4  S_4  
     e(  2 -  2) =    -14.61950  eV     1   --> A_1  D_1  S_1  
     e(  3 -  3) =    -10.93958  eV     1   --> A_1  D_1  S_1  
     e(  4 -  4) =     -3.37292  eV     1   --> A_2  D_2  S_2  
     e(  5 -  5) =     -0.64954  eV     1   --> B_1  D_3  S_3  
     e(  6 -  6) =      9.20241  eV     1   --> A_1  D_1  S_1  
     e(  7 -  7) =      9.33142  eV     1   --> B_1  D_3  S_3  
     e(  8 -  8) =     10.14495  eV     1   --> B_2  D_4  S_4  
     e(  9 -  9) =     10.34283  eV     1   --> A_1  D_1  S_1  
     e( 10 - 10) =     11.34132  eV     1   --> A_2  D_2  S_2  
     e( 11 - 11) =     11.48050  eV     1   --> B_2  D_4  S_4  
     e( 12 - 12) =     11.52171  eV     1   --> A_1  D_1  S_1  
     e( 13 - 13) =     11.93604  eV     1   --> B_1  D_3  S_3  
     e( 14 - 14) =     13.19918  eV     1   --> A_2  D_2  S_2  
     e( 15 - 15) =     13.47182  eV     1   --> B_2  D_4  S_4  
     e( 16 - 16) =     13.66433  eV     1   --> A_1  D_1  S_1  

 **************************************************************************

 **************************************************************************

                    xk=(   0.39333,   0.47343,   0.00000  )

     Band symmetry, C_2v (mm2)  point group:

     e(  1 -  1) =    -15.47989  eV     1   --> B_2  D_4  S_4  
     e(  2 -  2) =    -14.58444  eV     1   --> A_1  D_1  S_1  
     e(  3 -  3) =    -11.06520  eV     1   --> A_1  D_1  S_1  
     e(  4 -  4) =     -3.31252  eV     1   --> A_2  D_2  S_2  
     e(  5 -  5) =     -0.68922  eV     1   --> B_1  D_3  S_3  
     e(  6 -  6) =      9.26605  eV     1   --> B_1  D_3  S_3  
     e(  7 -  7) =      9.38403  eV     1   --> A_1  D_1  S_1  
     e(  8 -  8) =     10.19638  eV     1   --> B_2  D_4  S_4  
     e(  9 -  9) =     10.40196  eV     1   --> A_1  D_1  S_1  
     e( 10 - 10) =     11.41025  eV     1   --> A_2  D_2  S_2  
     e( 11 - 11) =     11.54610  eV     1   --> B_2  D_4  S_4  
     e( 12 - 12) =     11.58847  eV     1   --> A_1  D_1  S_1  
     e( 13 - 13) =     11.98677  eV     1   --> B_1  D_3  S_3  
     e( 14 - 14) =     13.26770  eV     1   --> A_2  D_2  S_2  
     e( 15 - 15) =     13.51132  eV     1   --> B_2  D_4  S_4  
     e( 16 - 16) =     13.71990  eV     1   --> A_1  D_1  S_1  

 **************************************************************************

 **************************************************************************

                    xk=(   0.39000,   0.47920,   0.00000  )

     Band symmetry, C_2v (mm2)  point group:

     e(  1 -  1) =    -15.43620  eV     1   --> B_2  D_4  S_4  
     e(  2 -  2) =    -14.54939  eV     1   --> A_1  D_1  S_1  
     e(  3 -  3) =    -11.19035  eV     1   --> A_1  D_1  S_1  
     e(  4 -  4) =     -3.25026  eV     1   --> A_2  D_2  S_2  
     e(  5 -  5) =     -0.73168  eV     1   --> B_1  D_3  S_3  
     e(  6 -  6) =      9.20182  eV     1   --> B_1  D_3  S_3  
     e(  7 -  7) =      9.56420  eV     1   --> A_1  D_1  S_1  
     e(  8 -  8) =     10.24866  eV     1   --> B_2  D_4  S_4  
     e(  9 -  9) =     10.46299  eV     1   --> A_1  D_1  S_1  
     e( 10 - 10) =     11.48136  eV     1   --> A_2  D_2  S_2  
     e( 11 - 11) =     11.61364  eV     1   --> B_2  D_4  S_4  
     e( 12 - 12) =     11.65727  eV     1   --> A_1  D_1  S_1  
     e( 13 - 13) =     12.04104  eV     1   --> B_1  D_3  S_3  
     e( 14 - 14) =     13.33838  eV     1   --> A_2  D_2  S_2  
     e( 15 - 15) =     13.55036  eV     1   --> B_2  D_4  S_4  
     e( 16 - 16) =     13.77644  eV     1   --> A_1  D_1  S_1  

 **************************************************************************

 **************************************************************************

                    xk=(   0.38667,   0.48497,   0.00000  )

     Band symmetry, C_2v (mm2)  point group:

     e(  1 -  1) =    -15.39117  eV     1   --> B_2  D_4  S_4  
     e(  2 -  2) =    -14.51458  eV     1   --> A_1  D_1  S_1  
     e(  3 -  3) =    -11.31466  eV     1   --> A_1  D_1  S_1  
     e(  4 -  4) =     -3.18614  eV     1   --> A_2  D_2  S_2  
     e(  5 -  5) =     -0.77699  eV     1   --> B_1  D_3  S_3  
     e(  6 -  6) =      9.13926  eV     1   --> B_1  D_3  S_3  
     e(  7 -  7) =      9.74185  eV     1   --> A_1  D_1  S_1  
     e(  8 -  8) =     10.30167  eV     1   --> B_2  D_4  S_4  
     e(  9 -  9) =     10.52616  eV     1   --> A_1  D_1  S_1  
     e( 10 - 10) =     11.55464  eV     1   --> A_2  D_2  S_2  
     e( 11 - 11) =     11.68310  eV     1   --> B_2  D_4  S_4  
     e( 12 - 12) =     11.72811  eV     1   --> A_1  D_1  S_1  
     e( 13 - 13) =     12.09869  eV     1   --> B_1  D_3  S_3  
     e( 14 - 14) =     13.41122  eV     1   --> A_2  D_2  S_2  
     e( 15 - 15) =     13.58876  eV     1   --> B_2  D_4  S_4  
     e( 16 - 16) =     13.83381  eV     1   --> A_1  D_1  S_1  

 **************************************************************************

 **************************************************************************

                    xk=(   0.38333,   0.49075,   0.00000  )

     Band symmetry, C_2v (mm2)  point group:

     e(  1 -  1) =    -15.34481  eV     1   --> B_2  D_4  S_4  
     e(  2 -  2) =    -14.48030  eV     1   --> A_1  D_1  S_1  
     e(  3 -  3) =    -11.43771  eV     1   --> A_1  D_1  S_1  
     e(  4 -  4) =     -3.12016  eV     1   --> A_2  D_2  S_2  
     e(  5 -  5) =     -0.82523  eV     1   --> B_1  D_3  S_3  
     e(  6 -  6) =      9.07882  eV     1   --> B_1  D_3  S_3  
     e(  7 -  7) =      9.91569  eV     1   --> A_1  D_1  S_1  
     e(  8 -  8) =     10.35528  eV     1   --> B_2  D_4  S_4  
     e(  9 -  9) =     10.59185  eV     1   --> A_1  D_1  S_1  
     e( 10 - 10) =     11.63011  eV     1   --> A_2  D_2  S_2  
     e( 11 - 11) =     11.75447  eV     1   --> B_2  D_4  S_4  
     e( 12 - 12) =     11.80098  eV     1   --> A_1  D_1  S_1  
     e( 13 - 13) =     12.15953  eV     1   --> B_1  D_3  S_3  
     e( 14 - 14) =     13.48622  eV     1   --> A_2  D_2  S_2  
     e( 15 - 15) =     13.62634  eV     1   --> B_2  D_4  S_4  
     e( 16 - 16) =     13.89181  eV     1   --> A_1  D_1  S_1  

 **************************************************************************

 **************************************************************************

                    xk=(   0.38000,   0.49652,   0.00000  )

     Band symmetry, C_2v (mm2)  point group:

     e(  1 -  1) =    -15.29711  eV     1   --> B_2  D_4  S_4  
     e(  2 -  2) =    -14.44691  eV     1   --> A_1  D_1  S_1  
     e(  3 -  3) =    -11.55906  eV     1   --> A_1  D_1  S_1  
     e(  4 -  4) =     -3.05234  eV     1   --> A_2  D_2  S_2  
     e(  5 -  5) =     -0.87645  eV     1   --> B_1  D_3  S_3  
     e(  6 -  6) =      9.02095  eV     1   --> B_1  D_3  S_3  
     e(  7 -  7) =     10.08399  eV     1   --> A_1  D_1  S_1  
     e(  8 -  8) =     10.40935  eV     1   --> B_2  D_4  S_4  
     e(  9 -  9) =     10.66072  eV     1   --> A_1  D_1  S_1  
     e( 10 - 10) =     11.70774  eV     1   --> A_2  D_2  S_2  
     e( 11 - 11) =     11.82772  eV     1   --> B_2  D_4  S_4  
     e( 12 - 12) =     11.87587  eV     1   --> A_1  D_1  S_1  
     e( 13 - 13) =     12.22340  eV     1   --> B_1  D_3  S_3  
     e( 14 - 14) =     13.56338  eV     1   --> A_2  D_2  S_2  
     e( 15 - 15) =     13.66294  eV     1   --> B_2  D_4  S_4  
     e( 16 - 16) =     13.95019  eV     1   --> A_1  D_1  S_1  

 **************************************************************************

 **************************************************************************

                    xk=(   0.37667,   0.50229,   0.00000  )

     Band symmetry, C_2v (mm2)  point group:

     e(  1 -  1) =    -15.24810  eV     1   --> B_2  D_4  S_4  
     e(  2 -  2) =    -14.41484  eV     1   --> A_1  D_1  S_1  
     e(  3 -  3) =    -11.67817  eV     1   --> A_1  D_1  S_1  
     e(  4 -  4) =     -2.98267  eV     1   --> A_2  D_2  S_2  
     e(  5 -  5) =     -0.93073  eV     1   --> B_1  D_3  S_3  
     e(  6 -  6) =      8.96598  eV     1   --> B_1  D_3  S_3  
     e(  7 -  7) =     10.24443  eV     1   --> A_1  D_1  S_1  
     e(  8 -  8) =     10.46370  eV     1   --> B_2  D_4  S_4  
     e(  9 -  9) =     10.73382  eV     1   --> A_1  D_1  S_1  
     e( 10 - 10) =     11.78756  eV     1   --> A_2  D_2  S_2  
     e( 11 - 11) =     11.90282  eV     1   --> B_2  D_4  S_4  
     e( 12 - 12) =     11.95277  eV     1   --> A_1  D_1  S_1  
     e( 13 - 13) =     12.29015  eV     1   --> B_1  D_3  S_3  
     e( 14 - 14) =     13.64270  eV     1   --> A_2  D_2  S_2  
     e( 15 - 15) =     13.69846  eV     1   --> B_2  D_4  S_4  
     e( 16 - 16) =     14.00863  eV     1   --> A_1  D_1  S_1  

 **************************************************************************

 **************************************************************************

                    xk=(   0.37333,   0.50807,   0.00000  )

     Band symmetry, C_2v (mm2)  point group:

     e(  1 -  1) =    -15.19775  eV     1   --> B_2  D_4  S_4  
     e(  2 -  2) =    -14.38458  eV     1   --> A_1  D_1  S_1  
     e(  3 -  3) =    -11.79441  eV     1   --> A_1  D_1  S_1  
     e(  4 -  4) =     -2.91117  eV     1   --> A_2  D_2  S_2  
     e(  5 -  5) =     -0.98807  eV     1   --> B_1  D_3  S_3  
     e(  6 -  6) =      8.91430  eV     1   --> B_1  D_3  S_3  
     e(  7 -  7) =     10.39407  eV     1   --> A_1  D_1  S_1  
     e(  8 -  8) =     10.51818  eV     1   --> B_2  D_4  S_4  
     e(  9 -  9) =     10.81276  eV     1   --> A_1  D_1  S_1  
     e( 10 - 10) =     11.86954  eV     1   --> A_2  D_2  S_2  
     e( 11 - 11) =     11.97974  eV     1   --> B_2  D_4  S_4  
     e( 12 - 12) =     12.03165  eV     1   --> A_1  D_1  S_1  
     e( 13 - 13) =     12.35959  eV     1   --> B_1  D_3  S_3  
     e( 14 - 14) =     13.72417  eV     1   --> A_2  D_2  S_2  
     e( 15 - 15) =     13.73283  eV     1   --> B_2  D_4  S_4  
     e( 16 - 16) =     14.06665  eV     1   --> A_1  D_1  S_1  

 **************************************************************************

 **************************************************************************

                    xk=(   0.37000,   0.51384,   0.00000  )

     Band symmetry, C_2v (mm2)  point group:

     e(  1 -  1) =    -15.14607  eV     1   --> B_2  D_4  S_4  
     e(  2 -  2) =    -14.35677  eV     1   --> A_1  D_1  S_1  
     e(  3 -  3) =    -11.90708  eV     1   --> A_1  D_1  S_1  
     e(  4 -  4) =     -2.83783  eV     1   --> A_2  D_2  S_2  
     e(  5 -  5) =     -1.04851  eV     1   --> B_1  D_3  S_3  
     e(  6 -  6) =      8.86616  eV     1   --> B_1  D_3  S_3  
     e(  7 -  7) =     10.52937  eV     1   --> A_1  D_1  S_1  
     e(  8 -  8) =     10.57258  eV     1   --> B_2  D_4  S_4  
     e(  9 -  9) =     10.89940  eV     1   --> A_1  D_1  S_1  
     e( 10 - 10) =     11.95370  eV     1   --> A_2  D_2  S_2  
     e( 11 - 11) =     12.05844  eV     1   --> B_2  D_4  S_4  
     e( 12 - 12) =     12.11248  eV     1   --> A_1  D_1  S_1  
     e( 13 - 13) =     12.43153  eV     1   --> B_1  D_3  S_3  
     e( 14 - 14) =     13.76606  eV     1   --> B_2  D_4  S_4  
     e( 15 - 15) =     13.80779  eV     1   --> A_2  D_2  S_2  
     e( 16 - 16) =     14.12351  eV     1   --> A_1  D_1  S_1  

 **************************************************************************

 **************************************************************************

                    xk=(   0.36667,   0.51962,   0.00000  )

     Band symmetry, C_2v (mm2)  point group:

     e(  1 -  1) =    -15.09307  eV     1   --> B_2  D_4  S_4  
     e(  2 -  2) =    -14.33214  eV     1   --> A_1  D_1  S_1  
     e(  3 -  3) =    -12.01533  eV     1   --> A_1  D_1  S_1  
     e(  4 -  4) =     -2.76267  eV     1   --> A_2  D_2  S_2  
     e(  5 -  5) =     -1.11207  eV     1   --> B_1  D_3  S_3  
     e(  6 -  6) =      8.82182  eV     1   --> B_1  D_3  S_3  
     e(  7 -  7) =     10.62670  eV     1   --> B_2  D_4  S_4  
     e(  8 -  8) =     10.64752  eV     1   --> A_1  D_1  S_1  
     e(  9 -  9) =     10.99474  eV     1   --> A_1  D_1  S_1  
     e( 10 - 10) =     12.04002  eV     1   --> A_2  D_2  S_2  
     e( 11 - 11) =     12.13889  eV     1   --> B_2  D_4  S_4  
     e( 12 - 12) =     12.19523  eV     1   --> A_1  D_1  S_1  
     e( 13 - 13) =     12.50578  eV     1   --> B_1  D_3  S_3  
     e( 14 - 14) =     13.79823  eV     1   --> B_2  D_4  S_4  
     e( 15 - 15) =     13.89356  eV     1   --> A_2  D_2  S_2  
     e( 16 - 16) =     14.17786  eV     1   --> A_1  D_1  S_1  

 **************************************************************************

 **************************************************************************

                    xk=(   0.36333,   0.52539,   0.00000  )

     Band symmetry, C_2v (mm2)  point group:

     e(  1 -  1) =    -15.03875  eV     1   --> B_2  D_4  S_4  
     e(  2 -  2) =    -14.31162  eV     1   --> A_1  D_1  S_1  
     e(  3 -  3) =    -12.11819  eV     1   --> A_1  D_1  S_1  
     e(  4 -  4) =     -2.68570  eV     1   --> A_2  D_2  S_2  
     e(  5 -  5) =     -1.17875  eV     1   --> B_1  D_3  S_3  
     e(  6 -  6) =      8.78143  eV     1   --> B_1  D_3  S_3  
     e(  7 -  7) =     10.68031  eV     1   --> B_2  D_4  S_4  
     e(  8 -  8) =     10.74791  eV     1   --> A_1  D_1  S_1  
     e(  9 -  9) =     11.09700  eV     1   --> A_1  D_1  S_1  
     e( 10 - 10) =     12.12852  eV     1   --> A_2  D_2  S_2  
     e( 11 - 11) =     12.22105  eV     1   --> B_2  D_4  S_4  
     e( 12 - 12) =     12.27980  eV     1   --> A_1  D_1  S_1  
     e( 13 - 13) =     12.58206  eV     1   --> B_1  D_3  S_3  
     e( 14 - 14) =     13.82950  eV     1   --> B_2  D_4  S_4  
     e( 15 - 15) =     13.98148  eV     1   --> A_2  D_2  S_2  
     e( 16 - 16) =     14.22683  eV     1   --> A_1  D_1  S_1  

 **************************************************************************

 **************************************************************************

                    xk=(   0.36000,   0.53116,   0.00000  )

     Band symmetry, C_2v (mm2)  point group:

     e(  1 -  1) =    -14.98310  eV     1   --> B_2  D_4  S_4  
     e(  2 -  2) =    -14.29621  eV     1   --> A_1  D_1  S_1  
     e(  3 -  3) =    -12.21455  eV     1   --> A_1  D_1  S_1  
     e(  4 -  4) =     -2.60690  eV     1   --> A_2  D_2  S_2  
     e(  5 -  5) =     -1.24852  eV     1   --> B_1  D_3  S_3  
     e(  6 -  6) =      8.74521  eV     1   --> B_1  D_3  S_3  
     e(  7 -  7) =     10.73316  eV     1   --> B_2  D_4  S_4  
     e(  8 -  8) =     10.83284  eV     1   --> A_1  D_1  S_1  
     e(  9 -  9) =     11.20142  eV     1   --> A_1  D_1  S_1  
     e( 10 - 10) =     12.21918  eV     1   --> A_2  D_2  S_2  
     e( 11 - 11) =     12.30487  eV     1   --> B_2  D_4  S_4  
     e( 12 - 12) =     12.36609  eV     1   --> A_1  D_1  S_1  
     e( 13 - 13) =     12.66004  eV     1   --> B_1  D_3  S_3  
     e( 14 - 14) =     13.86012  eV     1   --> B_2  D_4  S_4  
     e( 15 - 15) =     14.07155  eV     1   --> A_2  D_2  S_2  
     e( 16 - 16) =     14.26210  eV     1   --> A_1  D_1  S_1  

 **************************************************************************

 **************************************************************************

                    xk=(   0.35667,   0.53694,   0.00000  )

     Band symmetry, C_2v (mm2)  point group:

     e(  1 -  1) =    -14.92613  eV     1   --> B_2  D_4  S_4  
     e(  2 -  2) =    -14.28712  eV     1   --> A_1  D_1  S_1  
     e(  3 -  3) =    -12.30317  eV     1   --> A_1  D_1  S_1  
     e(  4 -  4) =     -2.52632  eV     1   --> A_2  D_2  S_2  
     e(  5 -  5) =     -1.32138  eV     1   --> B_1  D_3  S_3  
     e(  6 -  6) =      8.71322  eV     1   --> B_1  D_3  S_3  
     e(  7 -  7) =     10.78499  eV     1   --> B_2  D_4  S_4  
     e(  8 -  8) =     10.90545  eV     1   --> A_1  D_1  S_1  
     e(  9 -  9) =     11.30198  eV     1   --> A_1  D_1  S_1  
     e( 10 - 10) =     12.31201  eV     1   --> A_2  D_2  S_2  
     e( 11 - 11) =     12.39030  eV     1   --> B_2  D_4  S_4  
     e( 12 - 12) =     12.45394  eV     1   --> A_1  D_1  S_1  
     e( 13 - 13) =     12.73924  eV     1   --> B_1  D_3  S_3  
     e( 14 - 14) =     13.89045  eV     1   --> B_2  D_4  S_4  
     e( 15 - 15) =     14.16376  eV     1   --> A_2  D_2  S_2  
     e( 16 - 16) =     14.25059  eV     1   --> A_1  D_1  S_1  

 **************************************************************************

 **************************************************************************

                    xk=(   0.35333,   0.54271,   0.00000  )

     Band symmetry, C_2v (mm2)  point group:

     e(  1 -  1) =    -14.86785  eV     1   --> B_2  D_4  S_4  
     e(  2 -  2) =    -14.28559  eV     1   --> A_1  D_1  S_1  
     e(  3 -  3) =    -12.38269  eV     1   --> A_1  D_1  S_1  
     e(  4 -  4) =     -2.44394  eV     1   --> A_2  D_2  S_2  
     e(  5 -  5) =     -1.39726  eV     1   --> B_1  D_3  S_3  
     e(  6 -  6) =      8.68558  eV     1   --> B_1  D_3  S_3  
     e(  7 -  7) =     10.83551  eV     1   --> B_2  D_4  S_4  
     e(  8 -  8) =     10.96803  eV     1   --> A_1  D_1  S_1  
     e(  9 -  9) =     11.39319  eV     1   --> A_1  D_1  S_1  
     e( 10 - 10) =     12.40700  eV     1   --> A_2  D_2  S_2  
     e( 11 - 11) =     12.47729  eV     1   --> B_2  D_4  S_4  
     e( 12 - 12) =     12.54314  eV     1   --> A_1  D_1  S_1  
     e( 13 - 13) =     12.81894  eV     1   --> B_1  D_3  S_3  
     e( 14 - 14) =     13.92090  eV     1   --> B_2  D_4  S_4  
     e( 15 - 15) =     14.13759  eV     1   --> A_1  D_1  S_1  
     e( 16 - 16) =     14.25812  eV     1   --> A_2  D_2  S_2  

 **************************************************************************

 **************************************************************************

                    xk=(   0.35000,   0.54848,   0.00000  )

     Band symmetry, C_2v (mm2)  point group:

     e(  1 -  1) =    -14.80825  eV     1   --> B_2  D_4  S_4  
     e(  2 -  2) =    -14.29291  eV     1   --> A_1  D_1  S_1  
     e(  3 -  3) =    -12.45179  eV     1   --> A_1  D_1  S_1  
     e(  4 -  4) =     -2.35978  eV     1   --> A_2  D_2  S_2  
     e(  5 -  5) =     -1.47612  eV     1   --> B_1  D_3  S_3  
     e(  6 -  6) =      8.66231  eV     1   --> B_1  D_3  S_3  
     e(  7 -  7) =     10.88443  eV     1   --> B_2  D_4  S_4  
     e(  8 -  8) =     11.02145  eV     1   --> A_1  D_1  S_1  
     e(  9 -  9) =     11.47074  eV     1   --> A_1  D_1  S_1  
     e( 10 - 10) =     12.50416  eV     1   --> A_2  D_2  S_2  
     e( 11 - 11) =     12.56578  eV     1   --> B_2  D_4  S_4  
     e( 12 - 12) =     12.63341  eV     1   --> A_1  D_1  S_1  
     e( 13 - 13) =     12.89788  eV     1   --> B_1  D_3  S_3  
     e( 14 - 14) =     13.95199  eV     1   --> B_2  D_4  S_4  
     e( 15 - 15) =     13.97308  eV     1   --> A_1  D_1  S_1  
     e( 16 - 16) =     14.20142  eV     1   --> B_1  D_3  S_3  

 **************************************************************************

 **************************************************************************

                    xk=(   0.34667,   0.55426,   0.00000  )

     Band symmetry, C_2v (mm2)  point group:

     e(  1 -  1) =    -14.74733  eV     1   --> B_2  D_4  S_4  
     e(  2 -  2) =    -14.31024  eV     1   --> A_1  D_1  S_1  
     e(  3 -  3) =    -12.50924  eV     1   --> A_1  D_1  S_1  
     e(  4 -  4) =     -2.27383  eV     1   --> A_2  D_2  S_2  
     e(  5 -  5) =     -1.55789  eV     1   --> B_1  D_3  S_3  
     e(  6 -  6) =      8.64343  eV     1   --> B_1  D_3  S_3  
     e(  7 -  7) =     10.93145  eV     1   --> B_2  D_4  S_4  
     e(  8 -  8) =     11.06529  eV     1   --> A_1  D_1  S_1  
     e(  9 -  9) =     11.53170  eV     1   --> A_1  D_1  S_1  
     e( 10 - 10) =     12.60347  eV     1   --> A_2  D_2  S_2  
     e( 11 - 11) =     12.65571  eV     1   --> B_2  D_4  S_4  
     e( 12 - 12) =     12.72445  eV     1   --> A_1  D_1  S_1  
     e( 13 - 13) =     12.97376  eV     1   --> B_1  D_3  S_3  
     e( 14 - 14) =     13.79792  eV     1   --> A_1  D_1  S_1  
     e( 15 - 15) =     13.98426  eV     1   --> B_2  D_4  S_4  
     e( 16 - 16) =     14.04551  eV     1   --> B_1  D_3  S_3  

 **************************************************************************

 **************************************************************************

                    xk=(   0.34333,   0.56003,   0.00000  )

     Band symmetry, C_2v (mm2)  point group:

     e(  1 -  1) =    -14.68509  eV     1   --> B_2  D_4  S_4  
     e(  2 -  2) =    -14.33845  eV     1   --> A_1  D_1  S_1  
     e(  3 -  3) =    -12.55411  eV     1   --> A_1  D_1  S_1  
     e(  4 -  4) =     -2.18612  eV     1   --> A_2  D_2  S_2  
     e(  5 -  5) =     -1.64251  eV     1   --> B_1  D_3  S_3  
     e(  6 -  6) =      8.62891  eV     1   --> B_1  D_3  S_3  
     e(  7 -  7) =     10.97626  eV     1   --> B_2  D_4  S_4  
     e(  8 -  8) =     11.09787  eV     1   --> A_1  D_1  S_1  
     e(  9 -  9) =     11.57474  eV     1   --> A_1  D_1  S_1  
     e( 10 - 10) =     12.70494  eV     1   --> A_2  D_2  S_2  
     e( 11 - 11) =     12.74702  eV     1   --> B_2  D_4  S_4  
     e( 12 - 12) =     12.81584  eV     1   --> A_1  D_1  S_1  
     e( 13 - 13) =     13.04167  eV     1   --> B_1  D_3  S_3  
     e( 14 - 14) =     13.61968  eV     1   --> A_1  D_1  S_1  
     e( 15 - 15) =     13.88312  eV     1   --> B_1  D_3  S_3  
     e( 16 - 16) =     14.01833  eV     1   --> B_2  D_4  S_4  

 **************************************************************************

 **************************************************************************

                    xk=(   0.34000,   0.56580,   0.00000  )

     Band symmetry, C_2v (mm2)  point group:

     e(  1 -  1) =    -14.62155  eV     1   --> B_2  D_4  S_4  
     e(  2 -  2) =    -14.37801  eV     1   --> A_1  D_1  S_1  
     e(  3 -  3) =    -12.58589  eV     1   --> A_1  D_1  S_1  
     e(  4 -  4) =     -2.09665  eV     1   --> A_2  D_2  S_2  
     e(  5 -  5) =     -1.72988  eV     1   --> B_1  D_3  S_3  
     e(  6 -  6) =      8.61869  eV     1   --> B_1  D_3  S_3  
     e(  7 -  7) =     11.01853  eV     1   --> B_2  D_4  S_4  
     e(  8 -  8) =     11.11628  eV     1   --> A_1  D_1  S_1  
     e(  9 -  9) =     11.60067  eV     1   --> A_1  D_1  S_1  
     e( 10 - 10) =     12.80857  eV     1   --> A_2  D_2  S_2  
     e( 11 - 11) =     12.83966  eV     1   --> B_2  D_4  S_4  
     e( 12 - 12) =     12.90695  eV     1   --> A_1  D_1  S_1  
     e( 13 - 13) =     13.09015  eV     1   --> B_1  D_3  S_3  
     e( 14 - 14) =     13.43957  eV     1   --> A_1  D_1  S_1  
     e( 15 - 15) =     13.73289  eV     1   --> B_1  D_3  S_3  
     e( 16 - 16) =     14.05479  eV     1   --> B_2  D_4  S_4  

 **************************************************************************

 **************************************************************************

                    xk=(   0.33667,   0.57158,   0.00000  )

     Band symmetry, C_2v (mm2)  point group:

     e(  1 -  1) =    -14.55671  eV     1   --> B_2  D_4  S_4  
     e(  2 -  2) =    -14.42888  eV     1   --> A_1  D_1  S_1  
     e(  3 -  3) =    -12.60456  eV     1   --> A_1  D_1  S_1  
     e(  4 -  4) =     -2.00543  eV     1   --> A_2  D_2  S_2  
     e(  5 -  5) =     -1.81990  eV     1   --> B_1  D_3  S_3  
     e(  6 -  6) =      8.61266  eV     1   --> B_1  D_3  S_3  
     e(  7 -  7) =     11.05797  eV     1   --> B_2  D_4  S_4  
     e(  8 -  8) =     11.11654  eV     1   --> A_1  D_1  S_1  
     e(  9 -  9) =     11.61262  eV     1   --> A_1  D_1  S_1  
     e( 10 - 10) =     12.91434  eV     1   --> A_2  D_2  S_2  
     e( 11 - 11) =     12.93355  eV     1   --> B_2  D_4  S_4  
     e( 12 - 12) =     12.99517  eV     1   --> A_1  D_1  S_1  
     e( 13 - 13) =     13.09357  eV     1   --> B_1  D_3  S_3  
     e( 14 - 14) =     13.25971  eV     1   --> A_1  D_1  S_1  
     e( 15 - 15) =     13.62400  eV     1   --> B_1  D_3  S_3  
     e( 16 - 16) =     14.09428  eV     1   --> B_2  D_4  S_4  

 **************************************************************************

 **************************************************************************

                    xk=(   0.33333,   0.57735,   0.00000  )

     point group D_3h (-62m)
     there are  6 classes
     the character table:

       E     2C3   3C2   s_h   2S3   3s_v 
A'_1   1.00  1.00  1.00  1.00  1.00  1.00
A'_2   1.00  1.00 -1.00  1.00  1.00 -1.00
E'     2.00 -1.00  0.00  2.00 -1.00  0.00
A''1   1.00  1.00  1.00 -1.00 -1.00 -1.00
A''2   1.00  1.00 -1.00 -1.00 -1.00  1.00
E''    2.00 -1.00  0.00 -2.00  1.00  0.00

     the symmetry operations in each class and the name of the first element:

     E        1
                                                                 
     2C3      3    4
                                                                 
     3C2      2    5    6
                                                                 
     s_h      7
                                                                 
     2S3      9   10
                                                                 
     3s_v     8   12   11
                                                                 

     Band symmetry, D_3h (-62m) point group:

     e(  1 -  2) =    -14.49056  eV     2   --> E'             
     e(  3 -  3) =    -12.61061  eV     1   --> A'_1           
     e(  4 -  5) =     -1.91248  eV     2   --> E''            
     e(  6 -  6) =      8.61069  eV     1   --> A''2           
     e(  7 -  8) =     11.09430  eV     2   --> E'             
     e(  9 -  9) =     11.61546  eV     1   --> A'_1           
     e( 10 - 11) =     13.02227  eV     2   --> E''            
     e( 12 - 13) =     13.02865  eV     2   --> E'             
     e( 14 - 14) =     13.13183  eV     1   --> A'_1           
     e( 15 - 15) =     13.58747  eV     1   --> A''2           
     e( 16 - 16) =     14.13737  eV     1   -->   ?

 **************************************************************************

 **************************************************************************

                    xk=(   0.32667,   0.56580,   0.00000  )

     point group C_2v (mm2) 
     there are  4 classes
     the character table:

       E     C2    s_v   s_v' 
A_1    1.00  1.00  1.00  1.00
A_2    1.00  1.00 -1.00 -1.00
B_1    1.00 -1.00  1.00 -1.00
B_2    1.00 -1.00 -1.00  1.00

     the symmetry operations in each class and the name of the first element:

     E        1
                                                                 
     C2       2
                                                                 
     s_v      3
                                                                 
     s_v'     4
                                                                 

     Band symmetry, C_2v (mm2)  point group:

     e(  1 -  1) =    -14.64243  eV     1   --> A_1  D_1  S_1  
     e(  2 -  2) =    -14.35437  eV     1   --> B_1  D_3  S_3  
     e(  3 -  3) =    -12.58855  eV     1   --> A_1  D_1  S_1  
     e(  4 -  4) =     -2.10485  eV     1   --> B_2  D_4  S_4  
     e(  5 -  5) =     -1.72140  eV     1   --> A_2  D_2  S_2  
     e(  6 -  6) =      8.61817  eV     1   --> B_2  D_4  S_4  
     e(  7 -  7) =     10.97321  eV     1   --> A_1  D_1  S_1  
     e(  8 -  8) =     11.15656  eV     1   --> B_1  D_3  S_3  
     e(  9 -  9) =     11.61094  eV     1   --> A_1  D_1  S_1  
     e( 10 - 10) =     12.67625  eV     1   --> A_1  D_1  S_1  
     e( 11 - 11) =     12.72006  eV     1   --> B_2  D_4  S_4  
     e( 12 - 12) =     13.22232  eV     1   --> B_1  D_3  S_3  
     e( 13 - 13) =     13.24456  eV     1   --> A_2  D_2  S_2  
     e( 14 - 14) =     13.28882  eV     1   --> A_1  D_1  S_1  
     e( 15 - 15) =     13.66295  eV     1   --> B_2  D_4  S_4  
     e( 16 - 16) =     14.06395  eV     1   --> A_1  D_1  S_1  

 **************************************************************************

 **************************************************************************

                    xk=(   0.32000,   0.55426,   0.00000  )

     Band symmetry, C_2v (mm2)  point group:

     e(  1 -  1) =    -14.82432  eV     1   --> A_1  D_1  S_1  
     e(  2 -  2) =    -14.21300  eV     1   --> B_1  D_3  S_3  
     e(  3 -  3) =    -12.52872  eV     1   --> A_1  D_1  S_1  
     e(  4 -  4) =     -2.30602  eV     1   --> B_2  D_4  S_4  
     e(  5 -  5) =     -1.52349  eV     1   --> A_2  D_2  S_2  
     e(  6 -  6) =      8.63928  eV     1   --> B_2  D_4  S_4  
     e(  7 -  7) =     10.76116  eV     1   --> A_1  D_1  S_1  
     e(  8 -  8) =     11.20370  eV     1   --> B_1  D_3  S_3  
     e(  9 -  9) =     11.59909  eV     1   --> A_1  D_1  S_1  
     e( 10 - 10) =     12.29174  eV     1   --> A_1  D_1  S_1  
     e( 11 - 11) =     12.35511  eV     1   --> B_2  D_4  S_4  
     e( 12 - 12) =     13.42049  eV     1   --> B_1  D_3  S_3  
     e( 13 - 13) =     13.47231  eV     1   --> A_1  D_1  S_1  
     e( 14 - 14) =     13.47542  eV     1   --> A_2  D_2  S_2  
     e( 15 - 15) =     13.74382  eV     1   --> B_2  D_4  S_4  
     e( 16 - 16) =     13.98444  eV     1   --> A_1  D_1  S_1  

 **************************************************************************

 **************************************************************************

                    xk=(   0.31333,   0.54271,   0.00000  )

     Band symmetry, C_2v (mm2)  point group:

     e(  1 -  1) =    -15.02704  eV     1   --> A_1  D_1  S_1  
     e(  2 -  2) =    -14.06648  eV     1   --> B_1  D_3  S_3  
     e(  3 -  3) =    -12.44006  eV     1   --> A_1  D_1  S_1  
     e(  4 -  4) =     -2.51495  eV     1   --> B_2  D_4  S_4  
     e(  5 -  5) =     -1.31886  eV     1   --> A_2  D_2  S_2  
     e(  6 -  6) =      8.67125  eV     1   --> B_2  D_4  S_4  
     e(  7 -  7) =     10.48865  eV     1   --> A_1  D_1  S_1  
     e(  8 -  8) =     11.23477  eV     1   --> B_1  D_3  S_3  
     e(  9 -  9) =     11.56306  eV     1   --> A_1  D_1  S_1  
     e( 10 - 10) =     11.91494  eV     1   --> A_1  D_1  S_1  
     e( 11 - 11) =     11.98269  eV     1   --> B_2  D_4  S_4  
     e( 12 - 12) =     13.62337  eV     1   --> B_1  D_3  S_3  
     e( 13 - 13) =     13.62485  eV     1   --> A_1  D_1  S_1  
     e( 14 - 14) =     13.64606  eV     1   --> B_2  D_4  S_4  
     e( 15 - 15) =     13.71480  eV     1   --> A_2  D_2  S_2  
     e( 16 - 16) =     13.86588  eV     1   --> A_1  D_1  S_1  

 **************************************************************************

 **************************************************************************

                    xk=(   0.30667,   0.53116,   0.00000  )

     Band symmetry, C_2v (mm2)  point group:

     e(  1 -  1) =    -15.24328  eV     1   --> A_1  D_1  S_1  
     e(  2 -  2) =    -13.91483  eV     1   --> B_1  D_3  S_3  
     e(  3 -  3) =    -12.32968  eV     1   --> A_1  D_1  S_1  
     e(  4 -  4) =     -2.73060  eV     1   --> B_2  D_4  S_4  
     e(  5 -  5) =     -1.10761  eV     1   --> A_2  D_2  S_2  
     e(  6 -  6) =      8.71024  eV     1   --> B_2  D_4  S_4  
     e(  7 -  7) =     10.18131  eV     1   --> A_1  D_1  S_1  
     e(  8 -  8) =     11.24970  eV     1   --> B_1  D_3  S_3  
     e(  9 -  9) =     11.42132  eV     1   --> A_1  D_1  S_1  
     e( 10 - 10) =     11.61677  eV     1   --> B_2  D_4  S_4  
     e( 11 - 11) =     11.62246  eV     1   --> A_1  D_1  S_1  
     e( 12 - 12) =     13.37906  eV     1   --> B_2  D_4  S_4  
     e( 13 - 13) =     13.51709  eV     1   --> A_1  D_1  S_1  
     e( 14 - 14) =     13.83150  eV     1   --> B_1  D_3  S_3  
     e( 15 - 15) =     13.92890  eV     1   --> A_1  D_1  S_1  
     e( 16 - 16) =     13.96269  eV     1   --> A_2  D_2  S_2  

 **************************************************************************

 **************************************************************************

                    xk=(   0.30000,   0.51962,   0.00000  )

     Band symmetry, C_2v (mm2)  point group:

     e(  1 -  1) =    -15.46784  eV     1   --> A_1  D_1  S_1  
     e(  2 -  2) =    -13.75810  eV     1   --> B_1  D_3  S_3  
     e(  3 -  3) =    -12.20268  eV     1   --> A_1  D_1  S_1  
     e(  4 -  4) =     -2.95191  eV     1   --> B_2  D_4  S_4  
     e(  5 -  5) =     -0.88983  eV     1   --> A_2  D_2  S_2  
     e(  6 -  6) =      8.75068  eV     1   --> B_2  D_4  S_4  
     e(  7 -  7) =      9.85512  eV     1   --> A_1  D_1  S_1  
     e(  8 -  8) =     11.08522  eV     1   --> A_1  D_1  S_1  
     e(  9 -  9) =     11.24913  eV     1   --> B_1  D_3  S_3  
     e( 10 - 10) =     11.26427  eV     1   --> B_2  D_4  S_4  
     e( 11 - 11) =     11.50141  eV     1   --> A_1  D_1  S_1  
     e( 12 - 12) =     13.06430  eV     1   --> B_2  D_4  S_4  
     e( 13 - 13) =     13.23484  eV     1   --> A_1  D_1  S_1  
     e( 14 - 14) =     14.04575  eV     1   --> B_1  D_3  S_3  
     e( 15 - 15) =     14.12222  eV     1   --> A_1  D_1  S_1  
     e( 16 - 16) =     14.21905  eV     1   --> A_2  D_2  S_2  

 **************************************************************************

 **************************************************************************

                    xk=(   0.29333,   0.50807,   0.00000  )

     Band symmetry, C_2v (mm2)  point group:

     e(  1 -  1) =    -15.69703  eV     1   --> A_1  D_1  S_1  
     e(  2 -  2) =    -13.59631  eV     1   --> B_1  D_3  S_3  
     e(  3 -  3) =    -12.06258  eV     1   --> A_1  D_1  S_1  
     e(  4 -  4) =     -3.17780  eV     1   --> B_2  D_4  S_4  
     e(  5 -  5) =     -0.66567  eV     1   --> A_2  D_2  S_2  
     e(  6 -  6) =      8.78449  eV     1   --> B_2  D_4  S_4  
     e(  7 -  7) =      9.51964  eV     1   --> A_1  D_1  S_1  
     e(  8 -  8) =     10.71448  eV     1   --> A_1  D_1  S_1  
     e(  9 -  9) =     10.93155  eV     1   --> B_2  D_4  S_4  
     e( 10 - 10) =     11.23433  eV     1   --> B_1  D_3  S_3  
     e( 11 - 11) =     11.39384  eV     1   --> A_1  D_1  S_1  
     e( 12 - 12) =     12.74451  eV     1   --> B_2  D_4  S_4  
     e( 13 - 13) =     12.91562  eV     1   --> A_1  D_1  S_1  
     e( 14 - 14) =     14.26708  eV     1   --> B_1  D_3  S_3  
     e( 15 - 15) =     14.33689  eV     1   --> A_1  D_1  S_1  
     e( 16 - 16) =     14.48383  eV     1   --> A_2  D_2  S_2  

 **************************************************************************

 **************************************************************************

                    xk=(   0.28667,   0.49652,   0.00000  )

     Band symmetry, C_2v (mm2)  point group:

     e(  1 -  1) =    -15.92830  eV     1   --> A_1  D_1  S_1  
     e(  2 -  2) =    -13.42950  eV     1   --> B_1  D_3  S_3  
     e(  3 -  3) =    -11.91185  eV     1   --> A_1  D_1  S_1  
     e(  4 -  4) =     -3.40728  eV     1   --> B_2  D_4  S_4  
     e(  5 -  5) =     -0.43525  eV     1   --> A_2  D_2  S_2  
     e(  6 -  6) =      8.79974  eV     1   --> B_2  D_4  S_4  
     e(  7 -  7) =      9.18065  eV     1   --> A_1  D_1  S_1  
     e(  8 -  8) =     10.34426  eV     1   --> A_1  D_1  S_1  
     e(  9 -  9) =     10.62652  eV     1   --> B_2  D_4  S_4  
     e( 10 - 10) =     11.20688  eV     1   --> B_1  D_3  S_3  
     e( 11 - 11) =     11.26809  eV     1   --> A_1  D_1  S_1  
     e( 12 - 12) =     12.43473  eV     1   --> B_2  D_4  S_4  
     e( 13 - 13) =     12.58362  eV     1   --> A_1  D_1  S_1  
     e( 14 - 14) =     14.49628  eV     1   --> B_1  D_3  S_3  
     e( 15 - 15) =     14.56388  eV     1   --> A_1  D_1  S_1  
     e( 16 - 16) =     14.75698  eV     1   --> A_2  D_2  S_2  

 **************************************************************************

 **************************************************************************

                    xk=(   0.28000,   0.48497,   0.00000  )

     Band symmetry, C_2v (mm2)  point group:

     e(  1 -  1) =    -16.15986  eV     1   --> A_1  D_1  S_1  
     e(  2 -  2) =    -13.25772  eV     1   --> B_1  D_3  S_3  
     e(  3 -  3) =    -11.75223  eV     1   --> A_1  D_1  S_1  
     e(  4 -  4) =     -3.63937  eV     1   --> B_2  D_4  S_4  
     e(  5 -  5) =     -0.19869  eV     1   --> A_2  D_2  S_2  
     e(  6 -  6) =      8.78015  eV     1   --> B_2  D_4  S_4  
     e(  7 -  7) =      8.84176  eV     1   --> A_1  D_1  S_1  
     e(  8 -  8) =      9.97936  eV     1   --> A_1  D_1  S_1  
     e(  9 -  9) =     10.35913  eV     1   --> B_2  D_4  S_4  
     e( 10 - 10) =     11.12362  eV     1   --> A_1  D_1  S_1  
     e( 11 - 11) =     11.16850  eV     1   --> B_1  D_3  S_3  
     e( 12 - 12) =     12.14460  eV     1   --> B_2  D_4  S_4  
     e( 13 - 13) =     12.24822  eV     1   --> A_1  D_1  S_1  
     e( 14 - 14) =     14.73379  eV     1   --> B_1  D_3  S_3  
     e( 15 - 15) =     14.79972  eV     1   --> A_1  D_1  S_1  
     e( 16 - 16) =     15.03845  eV     1   --> A_2  D_2  S_2  

 **************************************************************************

 **************************************************************************

                    xk=(   0.27333,   0.47343,   0.00000  )

     Band symmetry, C_2v (mm2)  point group:

     e(  1 -  1) =    -16.39043  eV     1   --> A_1  D_1  S_1  
     e(  2 -  2) =    -13.08105  eV     1   --> B_1  D_3  S_3  
     e(  3 -  3) =    -11.58501  eV     1   --> A_1  D_1  S_1  
     e(  4 -  4) =     -3.87318  eV     1   --> B_2  D_4  S_4  
     e(  5 -  5) =      0.04380  eV     1   --> A_2  D_2  S_2  
     e(  6 -  6) =      8.50534  eV     1   --> A_1  D_1  S_1  
     e(  7 -  7) =      8.70773  eV     1   --> B_2  D_4  S_4  
     e(  8 -  8) =      9.62122  eV     1   --> A_1  D_1  S_1  
     e(  9 -  9) =     10.13795  eV     1   --> B_2  D_4  S_4  
     e( 10 - 10) =     10.96305  eV     1   --> A_1  D_1  S_1  
     e( 11 - 11) =     11.12081  eV     1   --> B_1  D_3  S_3  
     e( 12 - 12) =     11.88389  eV     1   --> B_2  D_4  S_4  
     e( 13 - 13) =     11.91426  eV     1   --> A_1  D_1  S_1  
     e( 14 - 14) =     14.87663  eV     1   --> B_2  D_4  S_4  
     e( 15 - 15) =     14.97961  eV     1   --> B_1  D_3  S_3  
     e( 16 - 16) =     15.02614  eV     1   --> A_1  D_1  S_1  

 **************************************************************************

 **************************************************************************

                    xk=(   0.26667,   0.46188,   0.00000  )

     Band symmetry, C_2v (mm2)  point group:

     e(  1 -  1) =    -16.61903  eV     1   --> A_1  D_1  S_1  
     e(  2 -  2) =    -12.89951  eV     1   --> B_1  D_3  S_3  
     e(  3 -  3) =    -11.41114  eV     1   --> A_1  D_1  S_1  
     e(  4 -  4) =     -4.10784  eV     1   --> B_2  D_4  S_4  
     e(  5 -  5) =      0.29208  eV     1   --> A_2  D_2  S_2  
     e(  6 -  6) =      8.17297  eV     1   --> A_1  D_1  S_1  
     e(  7 -  7) =      8.57206  eV     1   --> B_2  D_4  S_4  
     e(  8 -  8) =      9.27052  eV     1   --> A_1  D_1  S_1  
     e(  9 -  9) =      9.96072  eV     1   --> B_2  D_4  S_4  
     e( 10 - 10) =     10.78934  eV     1   --> A_1  D_1  S_1  
     e( 11 - 11) =     11.06538  eV     1   --> B_1  D_3  S_3  
     e( 12 - 12) =     11.58471  eV     1   --> A_1  D_1  S_1  
     e( 13 - 13) =     11.66416  eV     1   --> B_2  D_4  S_4  
     e( 14 - 14) =     14.63111  eV     1   --> B_2  D_4  S_4  
     e( 15 - 15) =     15.01433  eV     1   --> A_1  D_1  S_1  
     e( 16 - 16) =     15.23325  eV     1   --> B_1  D_3  S_3  

 **************************************************************************

 **************************************************************************

                    xk=(   0.26000,   0.45033,   0.00000  )

     Band symmetry, C_2v (mm2)  point group:

     e(  1 -  1) =    -16.84491  eV     1   --> A_1  D_1  S_1  
     e(  2 -  2) =    -12.71318  eV     1   --> B_1  D_3  S_3  
     e(  3 -  3) =    -11.23139  eV     1   --> A_1  D_1  S_1  
     e(  4 -  4) =     -4.34257  eV     1   --> B_2  D_4  S_4  
     e(  5 -  5) =      0.54598  eV     1   --> A_2  D_2  S_2  
     e(  6 -  6) =      7.84576  eV     1   --> A_1  D_1  S_1  
     e(  7 -  7) =      8.37856  eV     1   --> B_2  D_4  S_4  
     e(  8 -  8) =      8.92763  eV     1   --> A_1  D_1  S_1  
     e(  9 -  9) =      9.80749  eV     1   --> B_2  D_4  S_4  
     e( 10 - 10) =     10.60497  eV     1   --> A_1  D_1  S_1  
     e( 11 - 11) =     11.00356  eV     1   --> B_1  D_3  S_3  
     e( 12 - 12) =     11.26174  eV     1   --> A_1  D_1  S_1  
     e( 13 - 13) =     11.49744  eV     1   --> B_2  D_4  S_4  
     e( 14 - 14) =     14.37313  eV     1   --> B_2  D_4  S_4  
     e( 15 - 15) =     14.75446  eV     1   --> A_1  D_1  S_1  
     e( 16 - 16) =     15.49367  eV     1   --> B_1  D_3  S_3  

 **************************************************************************

 **************************************************************************

                    xk=(   0.25333,   0.43879,   0.00000  )

     Band symmetry, C_2v (mm2)  point group:

     e(  1 -  1) =    -17.06754  eV     1   --> A_1  D_1  S_1  
     e(  2 -  2) =    -12.52213  eV     1   --> B_1  D_3  S_3  
     e(  3 -  3) =    -11.04639  eV     1   --> A_1  D_1  S_1  
     e(  4 -  4) =     -4.57664  eV     1   --> B_2  D_4  S_4  
     e(  5 -  5) =      0.80529  eV     1   --> A_2  D_2  S_2  
     e(  6 -  6) =      7.52448  eV     1   --> A_1  D_1  S_1  
     e(  7 -  7) =      8.14387  eV     1   --> B_2  D_4  S_4  
     e(  8 -  8) =      8.59279  eV     1   --> A_1  D_1  S_1  
     e(  9 -  9) =      9.65046  eV     1   --> B_2  D_4  S_4  
     e( 10 - 10) =     10.41162  eV     1   --> A_1  D_1  S_1  
     e( 11 - 11) =     10.93647  eV     1   --> B_1  D_3  S_3  
     e( 12 - 12) =     10.94732  eV     1   --> A_1  D_1  S_1  
     e( 13 - 13) =     11.39087  eV     1   --> B_2  D_4  S_4  
     e( 14 - 14) =     14.12246  eV     1   --> B_2  D_4  S_4  
     e( 15 - 15) =     14.46763  eV     1   --> A_1  D_1  S_1  
     e( 16 - 16) =     15.75910  eV     1   --> B_1  D_3  S_3  

 **************************************************************************

 **************************************************************************

                    xk=(   0.24667,   0.42724,   0.00000  )

     Band symmetry, C_2v (mm2)  point group:

     e(  1 -  1) =    -17.28647  eV     1   --> A_1  D_1  S_1  
     e(  2 -  2) =    -12.32643  eV     1   --> B_1  D_3  S_3  
     e(  3 -  3) =    -10.85665  eV     1   --> A_1  D_1  S_1  
     e(  4 -  4) =     -4.80939  eV     1   --> B_2  D_4  S_4  
     e(  5 -  5) =      1.06982  eV     1   --> A_2  D_2  S_2  
     e(  6 -  6) =      7.20970  eV     1   --> A_1  D_1  S_1  
     e(  7 -  7) =      7.88481  eV     1   --> B_2  D_4  S_4  
     e(  8 -  8) =      8.26617  eV     1   --> A_1  D_1  S_1  
     e(  9 -  9) =      9.47124  eV     1   --> B_2  D_4  S_4  
     e( 10 - 10) =     10.20982  eV     1   --> A_1  D_1  S_1  
     e( 11 - 11) =     10.64382  eV     1   --> A_1  D_1  S_1  
     e( 12 - 12) =     10.86505  eV     1   --> B_1  D_3  S_3  
     e( 13 - 13) =     11.34013  eV     1   --> B_2  D_4  S_4  
     e( 14 - 14) =     13.89050  eV     1   --> B_2  D_4  S_4  
     e( 15 - 15) =     14.17650  eV     1   --> A_1  D_1  S_1  
     e( 16 - 16) =     16.02677  eV     1   --> B_1  D_3  S_3  

 **************************************************************************

 **************************************************************************

                    xk=(   0.24000,   0.41569,   0.00000  )

     Band symmetry, C_2v (mm2)  point group:

     e(  1 -  1) =    -17.50130  eV     1   --> A_1  D_1  S_1  
     e(  2 -  2) =    -12.12615  eV     1   --> B_1  D_3  S_3  
     e(  3 -  3) =    -10.66266  eV     1   --> A_1  D_1  S_1  
     e(  4 -  4) =     -5.04022  eV     1   --> B_2  D_4  S_4  
     e(  5 -  5) =      1.33932  eV     1   --> A_2  D_2  S_2  
     e(  6 -  6) =      6.90187  eV     1   --> A_1  D_1  S_1  
     e(  7 -  7) =      7.61340  eV     1   --> B_2  D_4  S_4  
     e(  8 -  8) =      7.94789  eV     1   --> A_1  D_1  S_1  
     e(  9 -  9) =      9.26631  eV     1   --> B_2  D_4  S_4  
     e( 10 - 10) =      9.99871  eV     1   --> A_1  D_1  S_1  
     e( 11 - 11) =     10.35454  eV     1   --> A_1  D_1  S_1  
     e( 12 - 12) =     10.79011  eV     1   --> B_1  D_3  S_3  
     e( 13 - 13) =     11.32812  eV     1   --> B_2  D_4  S_4  
     e( 14 - 14) =     13.68778  eV     1   --> B_2  D_4  S_4  
     e( 15 - 15) =     13.88646  eV     1   --> A_1  D_1  S_1  
     e( 16 - 16) =     16.29215  eV     1   --> B_1  D_3  S_3  

 **************************************************************************

 **************************************************************************

                    xk=(   0.23333,   0.40415,   0.00000  )

     Band symmetry, C_2v (mm2)  point group:

     e(  1 -  1) =    -17.71177  eV     1   --> A_1  D_1  S_1  
     e(  2 -  2) =    -11.92140  eV     1   --> B_1  D_3  S_3  
     e(  3 -  3) =    -10.46484  eV     1   --> A_1  D_1  S_1  
     e(  4 -  4) =     -5.26856  eV     1   --> B_2  D_4  S_4  
     e(  5 -  5) =      1.61355  eV     1   --> A_2  D_2  S_2  
     e(  6 -  6) =      6.60131  eV     1   --> A_1  D_1  S_1  
     e(  7 -  7) =      7.33716  eV     1   --> B_2  D_4  S_4  
     e(  8 -  8) =      7.63803  eV     1   --> A_1  D_1  S_1  
     e(  9 -  9) =      9.04107  eV     1   --> B_2  D_4  S_4  
     e( 10 - 10) =      9.77576  eV     1   --> A_1  D_1  S_1  
     e( 11 - 11) =     10.08385  eV     1   --> A_1  D_1  S_1  
     e( 12 - 12) =     10.71225  eV     1   --> B_1  D_3  S_3  
     e( 13 - 13) =     11.33038  eV     1   --> B_2  D_4  S_4  
     e( 14 - 14) =     13.52624  eV     1   --> B_2  D_4  S_4  
     e( 15 - 15) =     13.59994  eV     1   --> A_1  D_1  S_1  
     e( 16 - 16) =     16.54777  eV     1   --> B_1  D_3  S_3  

 **************************************************************************

 **************************************************************************

                    xk=(   0.22667,   0.39260,   0.00000  )

     Band symmetry, C_2v (mm2)  point group:

     e(  1 -  1) =    -17.91764  eV     1   --> A_1  D_1  S_1  
     e(  2 -  2) =    -11.71229  eV     1   --> B_1  D_3  S_3  
     e(  3 -  3) =    -10.26361  eV     1   --> A_1  D_1  S_1  
     e(  4 -  4) =     -5.49393  eV     1   --> B_2  D_4  S_4  
     e(  5 -  5) =      1.89224  eV     1   --> A_2  D_2  S_2  
     e(  6 -  6) =      6.30825  eV     1   --> A_1  D_1  S_1  
     e(  7 -  7) =      7.06068  eV     1   --> B_2  D_4  S_4  
     e(  8 -  8) =      7.33665  eV     1   --> A_1  D_1  S_1  
     e(  9 -  9) =      8.80289  eV     1   --> B_2  D_4  S_4  
     e( 10 - 10) =      9.53890  eV     1   --> A_1  D_1  S_1  
     e( 11 - 11) =      9.83534  eV     1   --> A_1  D_1  S_1  
     e( 12 - 12) =     10.63197  eV     1   --> B_1  D_3  S_3  
     e( 13 - 13) =     11.32151  eV     1   --> B_2  D_4  S_4  
     e( 14 - 14) =     13.31835  eV     1   --> A_1  D_1  S_1  
     e( 15 - 15) =     13.41867  eV     1   --> B_2  D_4  S_4  
     e( 16 - 16) =     16.78086  eV     1   --> B_1  D_3  S_3  

 **************************************************************************

 **************************************************************************

                    xk=(   0.22000,   0.38105,   0.00000  )

     Band symmetry, C_2v (mm2)  point group:

     e(  1 -  1) =    -18.11868  eV     1   --> A_1  D_1  S_1  
     e(  2 -  2) =    -11.49894  eV     1   --> B_1  D_3  S_3  
     e(  3 -  3) =    -10.05935  eV     1   --> A_1  D_1  S_1  
     e(  4 -  4) =     -5.71585  eV     1   --> B_2  D_4  S_4  
     e(  5 -  5) =      2.17508  eV     1   --> A_2  D_2  S_2  
     e(  6 -  6) =      6.02292  eV     1   --> A_1  D_1  S_1  
     e(  7 -  7) =      6.78679  eV     1   --> B_2  D_4  S_4  
     e(  8 -  8) =      7.04382  eV     1   --> A_1  D_1  S_1  
     e(  9 -  9) =      8.55795  eV     1   --> B_2  D_4  S_4  
     e( 10 - 10) =      9.29012  eV     1   --> A_1  D_1  S_1  
     e( 11 - 11) =      9.60831  eV     1   --> A_1  D_1  S_1  
     e( 12 - 12) =     10.54956  eV     1   --> B_1  D_3  S_3  
     e( 13 - 13) =     11.28125  eV     1   --> B_2  D_4  S_4  
     e( 14 - 14) =     13.04261  eV     1   --> A_1  D_1  S_1  
     e( 15 - 15) =     13.37484  eV     1   --> B_2  D_4  S_4  
     e( 16 - 16) =     16.97034  eV     1   --> B_1  D_3  S_3  

 **************************************************************************

 **************************************************************************

                    xk=(   0.21333,   0.36950,   0.00000  )

     Band symmetry, C_2v (mm2)  point group:

     e(  1 -  1) =    -18.31473  eV     1   --> A_1  D_1  S_1  
     e(  2 -  2) =    -11.28147  eV     1   --> B_1  D_3  S_3  
     e(  3 -  3) =     -9.85245  eV     1   --> A_1  D_1  S_1  
     e(  4 -  4) =     -5.93392  eV     1   --> B_2  D_4  S_4  
     e(  5 -  5) =      2.46176  eV     1   --> A_2  D_2  S_2  
     e(  6 -  6) =      5.74545  eV     1   --> A_1  D_1  S_1  
     e(  7 -  7) =      6.51728  eV     1   --> B_2  D_4  S_4  
     e(  8 -  8) =      6.75957  eV     1   --> A_1  D_1  S_1  
     e(  9 -  9) =      8.31074  eV     1   --> B_2  D_4  S_4  
     e( 10 - 10) =      9.03518  eV     1   --> A_1  D_1  S_1  
     e( 11 - 11) =      9.39803  eV     1   --> A_1  D_1  S_1  
     e( 12 - 12) =     10.46528  eV     1   --> B_1  D_3  S_3  
     e( 13 - 13) =     11.19986  eV     1   --> B_2  D_4  S_4  
     e( 14 - 14) =     12.77331  eV     1   --> A_1  D_1  S_1  
     e( 15 - 15) =     13.39578  eV     1   --> B_2  D_4  S_4  
     e( 16 - 16) =     16.89889  eV     1   --> B_2  D_4  S_4  

 **************************************************************************

 **************************************************************************

                    xk=(   0.20667,   0.35796,   0.00000  )

     Band symmetry, C_2v (mm2)  point group:

     e(  1 -  1) =    -18.50562  eV     1   --> A_1  D_1  S_1  
     e(  2 -  2) =    -11.06002  eV     1   --> B_1  D_3  S_3  
     e(  3 -  3) =     -9.64330  eV     1   --> A_1  D_1  S_1  
     e(  4 -  4) =     -6.14776  eV     1   --> B_2  D_4  S_4  
     e(  5 -  5) =      2.75195  eV     1   --> A_2  D_2  S_2  
     e(  6 -  6) =      5.47600  eV     1   --> A_1  D_1  S_1  
     e(  7 -  7) =      6.25335  eV     1   --> B_2  D_4  S_4  
     e(  8 -  8) =      6.48393  eV     1   --> A_1  D_1  S_1  
     e(  9 -  9) =      8.06433  eV     1   --> B_2  D_4  S_4  
     e( 10 - 10) =      8.77971  eV     1   --> A_1  D_1  S_1  
     e( 11 - 11) =      9.19975  eV     1   --> A_1  D_1  S_1  
     e( 12 - 12) =     10.37928  eV     1   --> B_1  D_3  S_3  
     e( 13 - 13) =     11.07924  eV     1   --> B_2  D_4  S_4  
     e( 14 - 14) =     12.51093  eV     1   --> A_1  D_1  S_1  
     e( 15 - 15) =     13.47157  eV     1   --> B_2  D_4  S_4  
     e( 16 - 16) =     16.71683  eV     1   --> B_2  D_4  S_4  

 **************************************************************************

 **************************************************************************

                    xk=(   0.20000,   0.34641,   0.00000  )

     Band symmetry, C_2v (mm2)  point group:

     e(  1 -  1) =    -18.69122  eV     1   --> A_1  D_1  S_1  
     e(  2 -  2) =    -10.83475  eV     1   --> B_1  D_3  S_3  
     e(  3 -  3) =     -9.43231  eV     1   --> A_1  D_1  S_1  
     e(  4 -  4) =     -6.35703  eV     1   --> B_2  D_4  S_4  
     e(  5 -  5) =      3.04524  eV     1   --> A_2  D_2  S_2  
     e(  6 -  6) =      5.21464  eV     1   --> A_1  D_1  S_1  
     e(  7 -  7) =      5.99580  eV     1   --> B_2  D_4  S_4  
     e(  8 -  8) =      6.21693  eV     1   --> A_1  D_1  S_1  
     e(  9 -  9) =      7.82085  eV     1   --> B_2  D_4  S_4  
     e( 10 - 10) =      8.52740  eV     1   --> A_1  D_1  S_1  
     e( 11 - 11) =      9.01050  eV     1   --> A_1  D_1  S_1  
     e( 12 - 12) =     10.29157  eV     1   --> B_1  D_3  S_3  
     e( 13 - 13) =     10.92822  eV     1   --> B_2  D_4  S_4  
     e( 14 - 14) =     12.25577  eV     1   --> A_1  D_1  S_1  
     e( 15 - 15) =     13.58493  eV     1   --> B_2  D_4  S_4  
     e( 16 - 16) =     16.55282  eV     1   --> B_2  D_4  S_4  

 **************************************************************************

 **************************************************************************

                    xk=(   0.19333,   0.33486,   0.00000  )

     Band symmetry, C_2v (mm2)  point group:

     e(  1 -  1) =    -18.87142  eV     1   --> A_1  D_1  S_1  
     e(  2 -  2) =    -10.60587  eV     1   --> B_1  D_3  S_3  
     e(  3 -  3) =     -9.21987  eV     1   --> A_1  D_1  S_1  
     e(  4 -  4) =     -6.56143  eV     1   --> B_2  D_4  S_4  
     e(  5 -  5) =      3.34124  eV     1   --> A_2  D_2  S_2  
     e(  6 -  6) =      4.96148  eV     1   --> A_1  D_1  S_1  
     e(  7 -  7) =      5.74518  eV     1   --> B_2  D_4  S_4  
     e(  8 -  8) =      5.95860  eV     1   --> A_1  D_1  S_1  
     e(  9 -  9) =      7.58174  eV     1   --> B_2  D_4  S_4  
     e( 10 - 10) =      8.28036  eV     1   --> A_1  D_1  S_1  
     e( 11 - 11) =      8.82881  eV     1   --> A_1  D_1  S_1  
     e( 12 - 12) =     10.20211  eV     1   --> B_1  D_3  S_3  
     e( 13 - 13) =     10.75682  eV     1   --> B_2  D_4  S_4  
     e( 14 - 14) =     12.00809  eV     1   --> A_1  D_1  S_1  
     e( 15 - 15) =     13.71575  eV     1   --> B_2  D_4  S_4  
     e( 16 - 16) =     16.41775  eV     1   --> B_2  D_4  S_4  

 **************************************************************************

 **************************************************************************

                    xk=(   0.18667,   0.32332,   0.00000  )

     Band symmetry, C_2v (mm2)  point group:

     e(  1 -  1) =    -19.04612  eV     1   --> A_1  D_1  S_1  
     e(  2 -  2) =    -10.37355  eV     1   --> B_1  D_3  S_3  
     e(  3 -  3) =     -9.00642  eV     1   --> A_1  D_1  S_1  
     e(  4 -  4) =     -6.76067  eV     1   --> B_2  D_4  S_4  
     e(  5 -  5) =      3.63950  eV     1   --> A_2  D_2  S_2  
     e(  6 -  6) =      4.71658  eV     1   --> A_1  D_1  S_1  
     e(  7 -  7) =      5.50190  eV     1   --> B_2  D_4  S_4  
     e(  8 -  8) =      5.70895  eV     1   --> A_1  D_1  S_1  
     e(  9 -  9) =      7.34803  eV     1   --> B_2  D_4  S_4  
     e( 10 - 10) =      8.03978  eV     1   --> A_1  D_1  S_1  
     e( 11 - 11) =      8.65391  eV     1   --> A_1  D_1  S_1  
     e( 12 - 12) =     10.11082  eV     1   --> B_1  D_3  S_3  
     e( 13 - 13) =     10.57329  eV     1   --> B_2  D_4  S_4  
     e( 14 - 14) =     11.76807  eV     1   --> A_1  D_1  S_1  
     e( 15 - 15) =     13.84327  eV     1   --> B_2  D_4  S_4  
     e( 16 - 16) =     16.32383  eV     1   --> B_2  D_4  S_4  

 **************************************************************************

 **************************************************************************

                    xk=(   0.18000,   0.31177,   0.00000  )

     Band symmetry, C_2v (mm2)  point group:

     e(  1 -  1) =    -19.21523  eV     1   --> A_1  D_1  S_1  
     e(  2 -  2) =    -10.13802  eV     1   --> B_1  D_3  S_3  
     e(  3 -  3) =     -8.79239  eV     1   --> A_1  D_1  S_1  
     e(  4 -  4) =     -6.95451  eV     1   --> B_2  D_4  S_4  
     e(  5 -  5) =      3.93953  eV     1   --> A_2  D_2  S_2  
     e(  6 -  6) =      4.48001  eV     1   --> A_1  D_1  S_1  
     e(  7 -  7) =      5.26625  eV     1   --> B_2  D_4  S_4  
     e(  8 -  8) =      5.46800  eV     1   --> A_1  D_1  S_1  
     e(  9 -  9) =      7.12047  eV     1   --> B_2  D_4  S_4  
     e( 10 - 10) =      7.80639  eV     1   --> A_1  D_1  S_1  
     e( 11 - 11) =      8.48569  eV     1   --> A_1  D_1  S_1  
     e( 12 - 12) =     10.01738  eV     1   --> B_1  D_3  S_3  
     e( 13 - 13) =     10.38365  eV     1   --> B_2  D_4  S_4  
     e( 14 - 14) =     11.53586  eV     1   --> A_1  D_1  S_1  
     e( 15 - 15) =     13.94722  eV     1   --> B_2  D_4  S_4  
     e( 16 - 16) =     16.27363  eV     1   --> B_1  D_3  S_3  

 **************************************************************************

 **************************************************************************

                    xk=(   0.17333,   0.30022,   0.00000  )

     Band symmetry, C_2v (mm2)  point group:

     e(  1 -  1) =    -19.37867  eV     1   --> A_1  D_1  S_1  
     e(  2 -  2) =     -9.89956  eV     1   --> B_1  D_3  S_3  
     e(  3 -  3) =     -8.57825  eV     1   --> A_1  D_1  S_1  
     e(  4 -  4) =     -7.14271  eV     1   --> B_2  D_4  S_4  
     e(  5 -  5) =      4.24080  eV     1   --> A_2  D_2  S_2  
     e(  6 -  6) =      4.25181  eV     1   --> A_1  D_1  S_1  
     e(  7 -  7) =      5.03846  eV     1   --> B_2  D_4  S_4  
     e(  8 -  8) =      5.23576  eV     1   --> A_1  D_1  S_1  
     e(  9 -  9) =      6.89958  eV     1   --> B_2  D_4  S_4  
     e( 10 - 10) =      7.58063  eV     1   --> A_1  D_1  S_1  
     e( 11 - 11) =      8.32406  eV     1   --> A_1  D_1  S_1  
     e( 12 - 12) =      9.92151  eV     1   --> B_1  D_3  S_3  
     e( 13 - 13) =     10.19204  eV     1   --> B_2  D_4  S_4  
     e( 14 - 14) =     11.31159  eV     1   --> A_1  D_1  S_1  
     e( 15 - 15) =     14.01071  eV     1   --> B_2  D_4  S_4  
     e( 16 - 16) =     15.95547  eV     1   --> B_1  D_3  S_3  

 **************************************************************************

 **************************************************************************

                    xk=(   0.16667,   0.28868,   0.00000  )

     Band symmetry, C_2v (mm2)  point group:

     e(  1 -  1) =    -19.53640  eV     1   --> A_1  D_1  S_1  
     e(  2 -  2) =     -9.65841  eV     1   --> B_1  D_3  S_3  
     e(  3 -  3) =     -8.36449  eV     1   --> A_1  D_1  S_1  
     e(  4 -  4) =     -7.32507  eV     1   --> B_2  D_4  S_4  
     e(  5 -  5) =      4.03203  eV     1   --> A_1  D_1  S_1  
     e(  6 -  6) =      4.54278  eV     1   --> A_2  D_2  S_2  
     e(  7 -  7) =      4.81869  eV     1   --> B_2  D_4  S_4  
     e(  8 -  8) =      5.01225  eV     1   --> A_1  D_1  S_1  
     e(  9 -  9) =      6.68578  eV     1   --> B_2  D_4  S_4  
     e( 10 - 10) =      7.36278  eV     1   --> A_1  D_1  S_1  
     e( 11 - 11) =      8.16901  eV     1   --> A_1  D_1  S_1  
     e( 12 - 12) =      9.82278  eV     1   --> B_1  D_3  S_3  
     e( 13 - 13) =     10.00131  eV     1   --> B_2  D_4  S_4  
     e( 14 - 14) =     11.09533  eV     1   --> A_1  D_1  S_1  
     e( 15 - 15) =     14.02530  eV     1   --> B_2  D_4  S_4  
     e( 16 - 16) =     15.62171  eV     1   --> B_1  D_3  S_3  

 **************************************************************************

 **************************************************************************

                    xk=(   0.16000,   0.27713,   0.00000  )

     Band symmetry, C_2v (mm2)  point group:

     e(  1 -  1) =    -19.68831  eV     1   --> A_1  D_1  S_1  
     e(  2 -  2) =     -9.41493  eV     1   --> B_1  D_3  S_3  
     e(  3 -  3) =     -8.15161  eV     1   --> A_1  D_1  S_1  
     e(  4 -  4) =     -7.50140  eV     1   --> B_2  D_4  S_4  
     e(  5 -  5) =      3.82071  eV     1   --> A_1  D_1  S_1  
     e(  6 -  6) =      4.60709  eV     1   --> B_2  D_4  S_4  
     e(  7 -  7) =      4.79746  eV     1   --> A_1  D_1  S_1  
     e(  8 -  8) =      4.84478  eV     1   --> A_2  D_2  S_2  
     e(  9 -  9) =      6.47937  eV     1   --> B_2  D_4  S_4  
     e( 10 - 10) =      7.15304  eV     1   --> A_1  D_1  S_1  
     e( 11 - 11) =      8.02069  eV     1   --> A_1  D_1  S_1  
     e( 12 - 12) =      9.72066  eV     1   --> B_1  D_3  S_3  
     e( 13 - 13) =      9.81343  eV     1   --> B_2  D_4  S_4  
     e( 14 - 14) =     10.88717  eV     1   --> A_1  D_1  S_1  
     e( 15 - 15) =     13.99330  eV     1   --> B_2  D_4  S_4  
     e( 16 - 16) =     15.27978  eV     1   --> B_1  D_3  S_3  

 **************************************************************************

 **************************************************************************

                    xk=(   0.15333,   0.26558,   0.00000  )

     Band symmetry, C_2v (mm2)  point group:

     e(  1 -  1) =    -19.83438  eV     1   --> A_1  D_1  S_1  
     e(  2 -  2) =     -9.16946  eV     1   --> B_1  D_3  S_3  
     e(  3 -  3) =     -7.94013  eV     1   --> A_1  D_1  S_1  
     e(  4 -  4) =     -7.67153  eV     1   --> B_2  D_4  S_4  
     e(  5 -  5) =      3.61786  eV     1   --> A_1  D_1  S_1  
     e(  6 -  6) =      4.40375  eV     1   --> B_2  D_4  S_4  
     e(  7 -  7) =      4.59142  eV     1   --> A_1  D_1  S_1  
     e(  8 -  8) =      5.14618  eV     1   --> A_2  D_2  S_2  
     e(  9 -  9) =      6.28059  eV     1   --> B_2  D_4  S_4  
     e( 10 - 10) =      6.95154  eV     1   --> A_1  D_1  S_1  
     e( 11 - 11) =      7.87913  eV     1   --> A_1  D_1  S_1  
     e( 12 - 12) =      9.61458  eV     1   --> B_1  D_3  S_3  
     e( 13 - 13) =      9.62977  eV     1   --> B_2  D_4  S_4  
     e( 14 - 14) =     10.68716  eV     1   --> A_1  D_1  S_1  
     e( 15 - 15) =     13.92440  eV     1   --> B_2  D_4  S_4  
     e( 16 - 16) =     14.93491  eV     1   --> B_1  D_3  S_3  

 **************************************************************************

 **************************************************************************

                    xk=(   0.14667,   0.25403,   0.00000  )

     Band symmetry, C_2v (mm2)  point group:

     e(  1 -  1) =    -19.97453  eV     1   --> A_1  D_1  S_1  
     e(  2 -  2) =     -8.92241  eV     1   --> B_1  D_3  S_3  
     e(  3 -  3) =     -7.83529  eV     1   --> B_2  D_4  S_4  
     e(  4 -  4) =     -7.73062  eV     1   --> A_1  D_1  S_1  
     e(  5 -  5) =      3.42354  eV     1   --> A_1  D_1  S_1  
     e(  6 -  6) =      4.20876  eV     1   --> B_2  D_4  S_4  
     e(  7 -  7) =      4.39412  eV     1   --> A_1  D_1  S_1  
     e(  8 -  8) =      5.44624  eV     1   --> A_2  D_2  S_2  
     e(  9 -  9) =      6.08963  eV     1   --> B_2  D_4  S_4  
     e( 10 - 10) =      6.75839  eV     1   --> A_1  D_1  S_1  
     e( 11 - 11) =      7.74449  eV     1   --> A_1  D_1  S_1  
     e( 12 - 12) =      9.45134  eV     1   --> B_2  D_4  S_4  
     e( 13 - 13) =      9.50373  eV     1   --> B_1  D_3  S_3  
     e( 14 - 14) =     10.49535  eV     1   --> A_1  D_1  S_1  
     e( 15 - 15) =     13.82995  eV     1   --> B_2  D_4  S_4  
     e( 16 - 16) =     14.59164  eV     1   --> B_1  D_3  S_3  

 **************************************************************************

 **************************************************************************

                    xk=(   0.14000,   0.24249,   0.00000  )

     Band symmetry, C_2v (mm2)  point group:

     e(  1 -  1) =    -20.10870  eV     1   --> A_1  D_1  S_1  
     e(  2 -  2) =     -8.67420  eV     1   --> B_1  D_3  S_3  
     e(  3 -  3) =     -7.99256  eV     1   --> B_2  D_4  S_4  
     e(  4 -  4) =     -7.52364  eV     1   --> A_1  D_1  S_1  
     e(  5 -  5) =      3.23776  eV     1   --> A_1  D_1  S_1  
     e(  6 -  6) =      4.02218  eV     1   --> B_2  D_4  S_4  
     e(  7 -  7) =      4.20558  eV     1   --> A_1  D_1  S_1  
     e(  8 -  8) =      5.74422  eV     1   --> A_2  D_2  S_2  
     e(  9 -  9) =      5.90663  eV     1   --> B_2  D_4  S_4  
     e( 10 - 10) =      6.57366  eV     1   --> A_1  D_1  S_1  
     e( 11 - 11) =      7.61689  eV     1   --> A_1  D_1  S_1  
     e( 12 - 12) =      9.27885  eV     1   --> B_2  D_4  S_4  
     e( 13 - 13) =      9.38740  eV     1   --> B_1  D_3  S_3  
     e( 14 - 14) =     10.31179  eV     1   --> A_1  D_1  S_1  
     e( 15 - 15) =     13.71954  eV     1   --> B_2  D_4  S_4  
     e( 16 - 16) =     14.25345  eV     1   --> B_1  D_3  S_3  

 **************************************************************************

 **************************************************************************

                    xk=(   0.13333,   0.23094,   0.00000  )

     Band symmetry, C_2v (mm2)  point group:

     e(  1 -  1) =    -20.23686  eV     1   --> A_1  D_1  S_1  
     e(  2 -  2) =     -8.42535  eV     1   --> B_1  D_3  S_3  
     e(  3 -  3) =     -8.14320  eV     1   --> B_2  D_4  S_4  
     e(  4 -  4) =     -7.31980  eV     1   --> A_1  D_1  S_1  
     e(  5 -  5) =      3.06054  eV     1   --> A_1  D_1  S_1  
     e(  6 -  6) =      3.84407  eV     1   --> B_2  D_4  S_4  
     e(  7 -  7) =      4.02579  eV     1   --> A_1  D_1  S_1  
     e(  8 -  8) =      5.73172  eV     1   --> B_2  D_4  S_4  
     e(  9 -  9) =      6.03926  eV     1   --> A_2  D_2  S_2  
     e( 10 - 10) =      6.39740  eV     1   --> A_1  D_1  S_1  
     e( 11 - 11) =      7.49641  eV     1   --> A_1  D_1  S_1  
     e( 12 - 12) =      9.11284  eV     1   --> B_2  D_4  S_4  
     e( 13 - 13) =      9.26470  eV     1   --> B_1  D_3  S_3  
     e( 14 - 14) =     10.13649  eV     1   --> A_1  D_1  S_1  
     e( 15 - 15) =     13.60026  eV     1   --> B_2  D_4  S_4  
     e( 16 - 16) =     13.92372  eV     1   --> B_1  D_3  S_3  

 **************************************************************************

 **************************************************************************

                    xk=(   0.12667,   0.21939,   0.00000  )

     Band symmetry, C_2v (mm2)  point group:

     e(  1 -  1) =    -20.35899  eV     1   --> A_1  D_1  S_1  
     e(  2 -  2) =     -8.28710  eV     1   --> B_2  D_4  S_4  
     e(  3 -  3) =     -8.17648  eV     1   --> B_1  D_3  S_3  
     e(  4 -  4) =     -7.11973  eV     1   --> A_1  D_1  S_1  
     e(  5 -  5) =      2.89190  eV     1   --> A_1  D_1  S_1  
     e(  6 -  6) =      3.67448  eV     1   --> B_2  D_4  S_4  
     e(  7 -  7) =      3.85477  eV     1   --> A_1  D_1  S_1  
     e(  8 -  8) =      5.56499  eV     1   --> B_2  D_4  S_4  
     e(  9 -  9) =      6.22967  eV     1   --> A_1  D_1  S_1  
     e( 10 - 10) =      6.33044  eV     1   --> A_2  D_2  S_2  
     e( 11 - 11) =      7.38307  eV     1   --> A_1  D_1  S_1  
     e( 12 - 12) =      8.95373  eV     1   --> B_2  D_4  S_4  
     e( 13 - 13) =      9.13481  eV     1   --> B_1  D_3  S_3  
     e( 14 - 14) =      9.96949  eV     1   --> A_1  D_1  S_1  
     e( 15 - 15) =     13.47701  eV     1   --> B_2  D_4  S_4  
     e( 16 - 16) =     13.60528  eV     1   --> B_1  D_3  S_3  

 **************************************************************************

 **************************************************************************

                    xk=(   0.12000,   0.20785,   0.00000  )

     Band symmetry, C_2v (mm2)  point group:

     e(  1 -  1) =    -20.47503  eV     1   --> A_1  D_1  S_1  
     e(  2 -  2) =     -8.42415  eV     1   --> B_2  D_4  S_4  
     e(  3 -  3) =     -7.92820  eV     1   --> B_1  D_3  S_3  
     e(  4 -  4) =     -6.92410  eV     1   --> A_1  D_1  S_1  
     e(  5 -  5) =      2.73186  eV     1   --> A_1  D_1  S_1  
     e(  6 -  6) =      3.51345  eV     1   --> B_2  D_4  S_4  
     e(  7 -  7) =      3.69252  eV     1   --> A_1  D_1  S_1  
     e(  8 -  8) =      5.40653  eV     1   --> B_2  D_4  S_4  
     e(  9 -  9) =      6.07048  eV     1   --> A_1  D_1  S_1  
     e( 10 - 10) =      6.61683  eV     1   --> A_2  D_2  S_2  
     e( 11 - 11) =      7.27688  eV     1   --> A_1  D_1  S_1  
     e( 12 - 12) =      8.80183  eV     1   --> B_2  D_4  S_4  
     e( 13 - 13) =      8.99689  eV     1   --> B_1  D_3  S_3  
     e( 14 - 14) =      9.81082  eV     1   --> A_1  D_1  S_1  
     e( 15 - 15) =     13.30076  eV     1   --> B_1  D_3  S_3  
     e( 16 - 16) =     13.35318  eV     1   --> B_2  D_4  S_4  

 **************************************************************************

 **************************************************************************

                    xk=(   0.11333,   0.19630,   0.00000  )

     Band symmetry, C_2v (mm2)  point group:

     e(  1 -  1) =    -20.58493  eV     1   --> A_1  D_1  S_1  
     e(  2 -  2) =     -8.55425  eV     1   --> B_2  D_4  S_4  
     e(  3 -  3) =     -7.68121  eV     1   --> B_1  D_3  S_3  
     e(  4 -  4) =     -6.73353  eV     1   --> A_1  D_1  S_1  
     e(  5 -  5) =      2.58042  eV     1   --> A_1  D_1  S_1  
     e(  6 -  6) =      3.36100  eV     1   --> B_2  D_4  S_4  
     e(  7 -  7) =      3.53903  eV     1   --> A_1  D_1  S_1  
     e(  8 -  8) =      5.25639  eV     1   --> B_2  D_4  S_4  
     e(  9 -  9) =      5.91987  eV     1   --> A_1  D_1  S_1  
     e( 10 - 10) =      6.89745  eV     1   --> A_2  D_2  S_2  
     e( 11 - 11) =      7.17799  eV     1   --> A_1  D_1  S_1  
     e( 12 - 12) =      8.65738  eV     1   --> B_2  D_4  S_4  
     e( 13 - 13) =      8.85041  eV     1   --> B_1  D_3  S_3  
     e( 14 - 14) =      9.66049  eV     1   --> A_1  D_1  S_1  
     e( 15 - 15) =     13.01265  eV     1   --> B_1  D_3  S_3  
     e( 16 - 16) =     13.23108  eV     1   --> B_2  D_4  S_4  

 **************************************************************************

 **************************************************************************

                    xk=(   0.10667,   0.18475,   0.00000  )

     Band symmetry, C_2v (mm2)  point group:

     e(  1 -  1) =    -20.68872  eV     1   --> A_1  D_1  S_1  
     e(  2 -  2) =     -8.67731  eV     1   --> B_2  D_4  S_4  
     e(  3 -  3) =     -7.43639  eV     1   --> B_1  D_3  S_3  
     e(  4 -  4) =     -6.54877  eV     1   --> A_1  D_1  S_1  
     e(  5 -  5) =      2.43761  eV     1   --> A_1  D_1  S_1  
     e(  6 -  6) =      3.21716  eV     1   --> B_2  D_4  S_4  
     e(  7 -  7) =      3.39432  eV     1   --> A_1  D_1  S_1  
     e(  8 -  8) =      5.11463  eV     1   --> B_2  D_4  S_4  
     e(  9 -  9) =      5.77786  eV     1   --> A_1  D_1  S_1  
     e( 10 - 10) =      7.08623  eV     1   --> A_1  D_1  S_1  
     e( 11 - 11) =      7.17120  eV     1   --> A_2  D_2  S_2  
     e( 12 - 12) =      8.52059  eV     1   --> B_2  D_4  S_4  
     e( 13 - 13) =      8.69488  eV     1   --> B_1  D_3  S_3  
     e( 14 - 14) =      9.51851  eV     1   --> A_1  D_1  S_1  
     e( 15 - 15) =     12.74293  eV     1   --> B_1  D_3  S_3  
     e( 16 - 16) =     13.11236  eV     1   --> B_2  D_4  S_4  

 **************************************************************************

 **************************************************************************

                    xk=(   0.10000,   0.17321,   0.00000  )

     Band symmetry, C_2v (mm2)  point group:

     e(  1 -  1) =    -20.78633  eV     1   --> A_1  D_1  S_1  
     e(  2 -  2) =     -8.79327  eV     1   --> B_2  D_4  S_4  
     e(  3 -  3) =     -7.19464  eV     1   --> B_1  D_3  S_3  
     e(  4 -  4) =     -6.37048  eV     1   --> A_1  D_1  S_1  
     e(  5 -  5) =      2.30342  eV     1   --> A_1  D_1  S_1  
     e(  6 -  6) =      3.08196  eV     1   --> B_2  D_4  S_4  
     e(  7 -  7) =      3.25839  eV     1   --> A_1  D_1  S_1  
     e(  8 -  8) =      4.98131  eV     1   --> B_2  D_4  S_4  
     e(  9 -  9) =      5.64445  eV     1   --> A_1  D_1  S_1  
     e( 10 - 10) =      7.00158  eV     1   --> A_1  D_1  S_1  
     e( 11 - 11) =      7.43696  eV     1   --> A_2  D_2  S_2  
     e( 12 - 12) =      8.39161  eV     1   --> B_2  D_4  S_4  
     e( 13 - 13) =      8.53053  eV     1   --> B_1  D_3  S_3  
     e( 14 - 14) =      9.38492  eV     1   --> A_1  D_1  S_1  
     e( 15 - 15) =     12.49315  eV     1   --> B_1  D_3  S_3  
     e( 16 - 16) =     12.99819  eV     1   --> B_2  D_4  S_4  

 **************************************************************************

 **************************************************************************

                    xk=(   0.09333,   0.16166,   0.00000  )

     Band symmetry, C_2v (mm2)  point group:

     e(  1 -  1) =    -20.87775  eV     1   --> A_1  D_1  S_1  
     e(  2 -  2) =     -8.90204  eV     1   --> B_2  D_4  S_4  
     e(  3 -  3) =     -6.95695  eV     1   --> B_1  D_3  S_3  
     e(  4 -  4) =     -6.19938  eV     1   --> A_1  D_1  S_1  
     e(  5 -  5) =      2.17788  eV     1   --> A_1  D_1  S_1  
     e(  6 -  6) =      2.95541  eV     1   --> B_2  D_4  S_4  
     e(  7 -  7) =      3.13123  eV     1   --> A_1  D_1  S_1  
     e(  8 -  8) =      4.85645  eV     1   --> B_2  D_4  S_4  
     e(  9 -  9) =      5.51967  eV     1   --> A_1  D_1  S_1  
     e( 10 - 10) =      6.92403  eV     1   --> A_1  D_1  S_1  
     e( 11 - 11) =      7.69357  eV     1   --> A_2  D_2  S_2  
     e( 12 - 12) =      8.27056  eV     1   --> B_2  D_4  S_4  
     e( 13 - 13) =      8.35784  eV     1   --> B_1  D_3  S_3  
     e( 14 - 14) =      9.25972  eV     1   --> A_1  D_1  S_1  
     e( 15 - 15) =     12.26450  eV     1   --> B_1  D_3  S_3  
     e( 16 - 16) =     12.88940  eV     1   --> B_2  D_4  S_4  

 **************************************************************************

 **************************************************************************

                    xk=(   0.08667,   0.15011,   0.00000  )

     Band symmetry, C_2v (mm2)  point group:

     e(  1 -  1) =    -20.96294  eV     1   --> A_1  D_1  S_1  
     e(  2 -  2) =     -9.00357  eV     1   --> B_2  D_4  S_4  
     e(  3 -  3) =     -6.72453  eV     1   --> B_1  D_3  S_3  
     e(  4 -  4) =     -6.03618  eV     1   --> A_1  D_1  S_1  
     e(  5 -  5) =      2.06098  eV     1   --> A_1  D_1  S_1  
     e(  6 -  6) =      2.83754  eV     1   --> B_2  D_4  S_4  
     e(  7 -  7) =      3.01284  eV     1   --> A_1  D_1  S_1  
     e(  8 -  8) =      4.74010  eV     1   --> B_2  D_4  S_4  
     e(  9 -  9) =      5.40350  eV     1   --> A_1  D_1  S_1  
     e( 10 - 10) =      6.85345  eV     1   --> A_1  D_1  S_1  
     e( 11 - 11) =      7.93986  eV     1   --> A_2  D_2  S_2  
     e( 12 - 12) =      8.15756  eV     1   --> B_2  D_4  S_4  
     e( 13 - 13) =      8.17808  eV     1   --> B_1  D_3  S_3  
     e( 14 - 14) =      9.14293  eV     1   --> A_1  D_1  S_1  
     e( 15 - 15) =     12.05743  eV     1   --> B_1  D_3  S_3  
     e( 16 - 16) =     12.78663  eV     1   --> B_2  D_4  S_4  

 **************************************************************************

 **************************************************************************

                    xk=(   0.08000,   0.13856,   0.00000  )

     Band symmetry, C_2v (mm2)  point group:

     e(  1 -  1) =    -21.04189  eV     1   --> A_1  D_1  S_1  
     e(  2 -  2) =     -9.09778  eV     1   --> B_2  D_4  S_4  
     e(  3 -  3) =     -6.49865  eV     1   --> B_1  D_3  S_3  
     e(  4 -  4) =     -5.88159  eV     1   --> A_1  D_1  S_1  
     e(  5 -  5) =      1.95273  eV     1   --> A_1  D_1  S_1  
     e(  6 -  6) =      2.72835  eV     1   --> B_2  D_4  S_4  
     e(  7 -  7) =      2.90323  eV     1   --> A_1  D_1  S_1  
     e(  8 -  8) =      4.63227  eV     1   --> B_2  D_4  S_4  
     e(  9 -  9) =      5.29597  eV     1   --> A_1  D_1  S_1  
     e( 10 - 10) =      6.78962  eV     1   --> A_1  D_1  S_1  
     e( 11 - 11) =      7.99308  eV     1   --> B_1  D_3  S_3  
     e( 12 - 12) =      8.05267  eV     1   --> B_2  D_4  S_4  
     e( 13 - 13) =      8.17456  eV     1   --> A_2  D_2  S_2  
     e( 14 - 14) =      9.03459  eV     1   --> A_1  D_1  S_1  
     e( 15 - 15) =     11.87187  eV     1   --> B_1  D_3  S_3  
     e( 16 - 16) =     12.69036  eV     1   --> B_2  D_4  S_4  

 **************************************************************************

 **************************************************************************

                    xk=(   0.07333,   0.12702,   0.00000  )

     Band symmetry, C_2v (mm2)  point group:

     e(  1 -  1) =    -21.11459  eV     1   --> A_1  D_1  S_1  
     e(  2 -  2) =     -9.18464  eV     1   --> B_2  D_4  S_4  
     e(  3 -  3) =     -6.28078  eV     1   --> B_1  D_3  S_3  
     e(  4 -  4) =     -5.73631  eV     1   --> A_1  D_1  S_1  
     e(  5 -  5) =      1.85314  eV     1   --> A_1  D_1  S_1  
     e(  6 -  6) =      2.62786  eV     1   --> B_2  D_4  S_4  
     e(  7 -  7) =      2.80240  eV     1   --> A_1  D_1  S_1  
     e(  8 -  8) =      4.53300  eV     1   --> B_2  D_4  S_4  
     e(  9 -  9) =      5.19706  eV     1   --> A_1  D_1  S_1  
     e( 10 - 10) =      6.73243  eV     1   --> A_1  D_1  S_1  
     e( 11 - 11) =      7.80525  eV     1   --> B_1  D_3  S_3  
     e( 12 - 12) =      7.95599  eV     1   --> B_2  D_4  S_4  
     e( 13 - 13) =      8.39641  eV     1   --> A_2  D_2  S_2  
     e( 14 - 14) =      8.93471  eV     1   --> A_1  D_1  S_1  
     e( 15 - 15) =     11.70735  eV     1   --> B_1  D_3  S_3  
     e( 16 - 16) =     12.60095  eV     1   --> B_2  D_4  S_4  

 **************************************************************************

 **************************************************************************

                    xk=(   0.06667,   0.11547,   0.00000  )

     Band symmetry, C_2v (mm2)  point group:

     e(  1 -  1) =    -21.18103  eV     1   --> A_1  D_1  S_1  
     e(  2 -  2) =     -9.26409  eV     1   --> B_2  D_4  S_4  
     e(  3 -  3) =     -6.07246  eV     1   --> B_1  D_3  S_3  
     e(  4 -  4) =     -5.60102  eV     1   --> A_1  D_1  S_1  
     e(  5 -  5) =      1.76221  eV     1   --> A_1  D_1  S_1  
     e(  6 -  6) =      2.53608  eV     1   --> B_2  D_4  S_4  
     e(  7 -  7) =      2.71035  eV     1   --> A_1  D_1  S_1  
     e(  8 -  8) =      4.44231  eV     1   --> B_2  D_4  S_4  
     e(  9 -  9) =      5.10678  eV     1   --> A_1  D_1  S_1  
     e( 10 - 10) =      6.68163  eV     1   --> A_1  D_1  S_1  
     e( 11 - 11) =      7.61748  eV     1   --> B_1  D_3  S_3  
     e( 12 - 12) =      7.86755  eV     1   --> B_2  D_4  S_4  
     e( 13 - 13) =      8.60418  eV     1   --> A_2  D_2  S_2  
     e( 14 - 14) =      8.84333  eV     1   --> A_1  D_1  S_1  
     e( 15 - 15) =     11.56288  eV     1   --> B_1  D_3  S_3  
     e( 16 - 16) =     12.51867  eV     1   --> B_2  D_4  S_4  

 **************************************************************************

 **************************************************************************

                    xk=(   0.06000,   0.10392,   0.00000  )

     Band symmetry, C_2v (mm2)  point group:

     e(  1 -  1) =    -21.24118  eV     1   --> A_1  D_1  S_1  
     e(  2 -  2) =     -9.33609  eV     1   --> B_2  D_4  S_4  
     e(  3 -  3) =     -5.87542  eV     1   --> B_1  D_3  S_3  
     e(  4 -  4) =     -5.47639  eV     1   --> A_1  D_1  S_1  
     e(  5 -  5) =      1.67995  eV     1   --> A_1  D_1  S_1  
     e(  6 -  6) =      2.45302  eV     1   --> B_2  D_4  S_4  
     e(  7 -  7) =      2.62706  eV     1   --> A_1  D_1  S_1  
     e(  8 -  8) =      4.36020  eV     1   --> B_2  D_4  S_4  
     e(  9 -  9) =      5.02512  eV     1   --> A_1  D_1  S_1  
     e( 10 - 10) =      6.63692  eV     1   --> A_1  D_1  S_1  
     e( 11 - 11) =      7.43302  eV     1   --> B_1  D_3  S_3  
     e( 12 - 12) =      7.78742  eV     1   --> B_2  D_4  S_4  
     e( 13 - 13) =      8.76047  eV     1   --> A_1  D_1  S_1  
     e( 14 - 14) =      8.79665  eV     1   --> A_2  D_2  S_2  
     e( 15 - 15) =     11.43727  eV     1   --> B_1  D_3  S_3  
     e( 16 - 16) =     12.44375  eV     1   --> B_2  D_4  S_4  

 **************************************************************************

 **************************************************************************

                    xk=(   0.05333,   0.09238,   0.00000  )

     Band symmetry, C_2v (mm2)  point group:

     e(  1 -  1) =    -21.29503  eV     1   --> A_1  D_1  S_1  
     e(  2 -  2) =     -9.40061  eV     1   --> B_2  D_4  S_4  
     e(  3 -  3) =     -5.69151  eV     1   --> B_1  D_3  S_3  
     e(  4 -  4) =     -5.36302  eV     1   --> A_1  D_1  S_1  
     e(  5 -  5) =      1.60634  eV     1   --> A_1  D_1  S_1  
     e(  6 -  6) =      2.37868  eV     1   --> B_2  D_4  S_4  
     e(  7 -  7) =      2.55256  eV     1   --> A_1  D_1  S_1  
     e(  8 -  8) =      4.28671  eV     1   --> B_2  D_4  S_4  
     e(  9 -  9) =      4.95208  eV     1   --> A_1  D_1  S_1  
     e( 10 - 10) =      6.59801  eV     1   --> A_1  D_1  S_1  
     e( 11 - 11) =      7.25531  eV     1   --> B_1  D_3  S_3  
     e( 12 - 12) =      7.71563  eV     1   --> B_2  D_4  S_4  
     e( 13 - 13) =      8.68617  eV     1   --> A_1  D_1  S_1  
     e( 14 - 14) =      8.97259  eV     1   --> A_2  D_2  S_2  
     e( 15 - 15) =     11.32916  eV     1   --> B_1  D_3  S_3  
     e( 16 - 16) =     12.37636  eV     1   --> B_2  D_4  S_4  

 **************************************************************************

 **************************************************************************

                    xk=(   0.04667,   0.08083,   0.00000  )

     Band symmetry, C_2v (mm2)  point group:

     e(  1 -  1) =    -21.34257  eV     1   --> A_1  D_1  S_1  
     e(  2 -  2) =     -9.45761  eV     1   --> B_2  D_4  S_4  
     e(  3 -  3) =     -5.52262  eV     1   --> B_1  D_3  S_3  
     e(  4 -  4) =     -5.26150  eV     1   --> A_1  D_1  S_1  
     e(  5 -  5) =      1.54140  eV     1   --> A_1  D_1  S_1  
     e(  6 -  6) =      2.31307  eV     1   --> B_2  D_4  S_4  
     e(  7 -  7) =      2.48682  eV     1   --> A_1  D_1  S_1  
     e(  8 -  8) =      4.22183  eV     1   --> B_2  D_4  S_4  
     e(  9 -  9) =      4.88765  eV     1   --> A_1  D_1  S_1  
     e( 10 - 10) =      6.56473  eV     1   --> A_1  D_1  S_1  
     e( 11 - 11) =      7.08791  eV     1   --> B_1  D_3  S_3  
     e( 12 - 12) =      7.65222  eV     1   --> B_2  D_4  S_4  
     e( 13 - 13) =      8.62047  eV     1   --> A_1  D_1  S_1  
     e( 14 - 14) =      9.13088  eV     1   --> A_2  D_2  S_2  
     e( 15 - 15) =     11.23729  eV     1   --> B_1  D_3  S_3  
     e( 16 - 16) =     12.31664  eV     1   --> B_2  D_4  S_4  

 **************************************************************************

 **************************************************************************

                    xk=(   0.04000,   0.06928,   0.00000  )

     Band symmetry, C_2v (mm2)  point group:

     e(  1 -  1) =    -21.38379  eV     1   --> A_1  D_1  S_1  
     e(  2 -  2) =     -9.50707  eV     1   --> B_2  D_4  S_4  
     e(  3 -  3) =     -5.37078  eV     1   --> B_1  D_3  S_3  
     e(  4 -  4) =     -5.17236  eV     1   --> A_1  D_1  S_1  
     e(  5 -  5) =      1.48512  eV     1   --> A_1  D_1  S_1  
     e(  6 -  6) =      2.25620  eV     1   --> B_2  D_4  S_4  
     e(  7 -  7) =      2.42986  eV     1   --> A_1  D_1  S_1  
     e(  8 -  8) =      4.16558  eV     1   --> B_2  D_4  S_4  
     e(  9 -  9) =      4.83183  eV     1   --> A_1  D_1  S_1  
     e( 10 - 10) =      6.53667  eV     1   --> A_1  D_1  S_1  
     e( 11 - 11) =      6.93428  eV     1   --> B_1  D_3  S_3  
     e( 12 - 12) =      7.59721  eV     1   --> B_2  D_4  S_4  
     e( 13 - 13) =      8.56341  eV     1   --> A_1  D_1  S_1  
     e( 14 - 14) =      9.27044  eV     1   --> A_2  D_2  S_2  
     e( 15 - 15) =     11.16035  eV     1   --> B_1  D_3  S_3  
     e( 16 - 16) =     12.26470  eV     1   --> B_2  D_4  S_4  

 **************************************************************************

 **************************************************************************

                    xk=(   0.03333,   0.05774,   0.00000  )

     Band symmetry, C_2v (mm2)  point group:

     e(  1 -  1) =    -21.41869  eV     1   --> A_1  D_1  S_1  
     e(  2 -  2) =     -9.54895  eV     1   --> B_2  D_4  S_4  
     e(  3 -  3) =     -5.23801  eV     1   --> B_1  D_3  S_3  
     e(  4 -  4) =     -5.09610  eV     1   --> A_1  D_1  S_1  
     e(  5 -  5) =      1.43751  eV     1   --> A_1  D_1  S_1  
     e(  6 -  6) =      2.20808  eV     1   --> B_2  D_4  S_4  
     e(  7 -  7) =      2.38166  eV     1   --> A_1  D_1  S_1  
     e(  8 -  8) =      4.11798  eV     1   --> B_2  D_4  S_4  
     e(  9 -  9) =      4.78462  eV     1   --> A_1  D_1  S_1  
     e( 10 - 10) =      6.51353  eV     1   --> A_1  D_1  S_1  
     e( 11 - 11) =      6.79773  eV     1   --> B_1  D_3  S_3  
     e( 12 - 12) =      7.55063  eV     1   --> B_2  D_4  S_4  
     e( 13 - 13) =      8.51503  eV     1   --> A_1  D_1  S_1  
     e( 14 - 14) =      9.39032  eV     1   --> A_2  D_2  S_2  
     e( 15 - 15) =     11.09717  eV     1   --> B_1  D_3  S_3  
     e( 16 - 16) =     12.22062  eV     1   --> B_2  D_4  S_4  

 **************************************************************************

 **************************************************************************

                    xk=(   0.02667,   0.04619,   0.00000  )

     Band symmetry, C_2v (mm2)  point group:

     e(  1 -  1) =    -21.44725  eV     1   --> A_1  D_1  S_1  
     e(  2 -  2) =     -9.58325  eV     1   --> B_2  D_4  S_4  
     e(  3 -  3) =     -5.12623  eV     1   --> B_1  D_3  S_3  
     e(  4 -  4) =     -5.03312  eV     1   --> A_1  D_1  S_1  
     e(  5 -  5) =      1.39855  eV     1   --> A_1  D_1  S_1  
     e(  6 -  6) =      2.16869  eV     1   --> B_2  D_4  S_4  
     e(  7 -  7) =      2.34223  eV     1   --> A_1  D_1  S_1  
     e(  8 -  8) =      4.07902  eV     1   --> B_2  D_4  S_4  
     e(  9 -  9) =      4.74599  eV     1   --> A_1  D_1  S_1  
     e( 10 - 10) =      6.49506  eV     1   --> A_1  D_1  S_1  
     e( 11 - 11) =      6.68131  eV     1   --> B_1  D_3  S_3  
     e( 12 - 12) =      7.51250  eV     1   --> B_2  D_4  S_4  
     e( 13 - 13) =      8.47538  eV     1   --> A_1  D_1  S_1  
     e( 14 - 14) =      9.48963  eV     1   --> A_2  D_2  S_2  
     e( 15 - 15) =     11.04680  eV     1   --> B_1  D_3  S_3  
     e( 16 - 16) =     12.18447  eV     1   --> B_2  D_4  S_4  

 **************************************************************************

 **************************************************************************

                    xk=(   0.02000,   0.03464,   0.00000  )

     Band symmetry, C_2v (mm2)  point group:

     e(  1 -  1) =    -21.46947  eV     1   --> A_1  D_1  S_1  
     e(  2 -  2) =     -9.60994  eV     1   --> B_2  D_4  S_4  
     e(  3 -  3) =     -5.03720  eV     1   --> B_1  D_3  S_3  
     e(  4 -  4) =     -4.98377  eV     1   --> A_1  D_1  S_1  
     e(  5 -  5) =      1.36825  eV     1   --> A_1  D_1  S_1  
     e(  6 -  6) =      2.13806  eV     1   --> B_2  D_4  S_4  
     e(  7 -  7) =      2.31156  eV     1   --> A_1  D_1  S_1  
     e(  8 -  8) =      4.04871  eV     1   --> B_2  D_4  S_4  
     e(  9 -  9) =      4.71596  eV     1   --> A_1  D_1  S_1  
     e( 10 - 10) =      6.48095  eV     1   --> A_1  D_1  S_1  
     e( 11 - 11) =      6.58769  eV     1   --> B_1  D_3  S_3  
     e( 12 - 12) =      7.48282  eV     1   --> B_2  D_4  S_4  
     e( 13 - 13) =      8.44450  eV     1   --> A_1  D_1  S_1  
     e( 14 - 14) =      9.56767  eV     1   --> A_2  D_2  S_2  
     e( 15 - 15) =     11.00843  eV     1   --> B_1  D_3  S_3  
     e( 16 - 16) =     12.15630  eV     1   --> B_2  D_4  S_4  

 **************************************************************************

 **************************************************************************

                    xk=(   0.01333,   0.02309,   0.00000  )

     Band symmetry, C_2v (mm2)  point group:

     e(  1 -  1) =    -21.48534  eV     1   --> A_1  D_1  S_1  
     e(  2 -  2) =     -9.62902  eV     1   --> B_2  D_4  S_4  
     e(  3 -  3) =     -4.97241  eV     1   --> B_1  D_3  S_3  
     e(  4 -  4) =     -4.94832  eV     1   --> A_1  D_1  S_1  
     e(  5 -  5) =      1.34661  eV     1   --> A_1  D_1  S_1  
     e(  6 -  6) =      2.11618  eV     1   --> B_2  D_4  S_4  
     e(  7 -  7) =      2.28966  eV     1   --> A_1  D_1  S_1  
     e(  8 -  8) =      4.02705  eV     1   --> B_2  D_4  S_4  
     e(  9 -  9) =      4.69451  eV     1   --> A_1  D_1  S_1  
     e( 10 - 10) =      6.47106  eV     1   --> A_1  D_1  S_1  
     e( 11 - 11) =      6.51915  eV     1   --> B_1  D_3  S_3  
     e( 12 - 12) =      7.46162  eV     1   --> B_2  D_4  S_4  
     e( 13 - 13) =      8.42241  eV     1   --> A_1  D_1  S_1  
     e( 14 - 14) =      9.62383  eV     1   --> A_2  D_2  S_2  
     e( 15 - 15) =     10.98147  eV     1   --> B_1  D_3  S_3  
     e( 16 - 16) =     12.13616  eV     1   --> B_2  D_4  S_4  

 **************************************************************************

 **************************************************************************

                    xk=(   0.00667,   0.01155,   0.00000  )

     Band symmetry, C_2v (mm2)  point group:

     e(  1 -  1) =    -21.49488  eV     1   --> A_1  D_1  S_1  
     e(  2 -  2) =     -9.64047  eV     1   --> B_2  D_4  S_4  
     e(  3 -  3) =     -4.93303  eV     1   --> B_1  D_3  S_3  
     e(  4 -  4) =     -4.92696  eV     1   --> A_1  D_1  S_1  
     e(  5 -  5) =      1.33363  eV     1   --> A_1  D_1  S_1  
     e(  6 -  6) =      2.10305  eV     1   --> B_2  D_4  S_4  
     e(  7 -  7) =      2.27652  eV     1   --> A_1  D_1  S_1  
     e(  8 -  8) =      4.01406  eV     1   --> B_2  D_4  S_4  
     e(  9 -  9) =      4.68164  eV     1   --> A_1  D_1  S_1  
     e( 10 - 10) =      6.46524  eV     1   --> A_1  D_1  S_1  
     e( 11 - 11) =      6.47735  eV     1   --> B_1  D_3  S_3  
     e( 12 - 12) =      7.44889  eV     1   --> B_2  D_4  S_4  
     e( 13 - 13) =      8.40915  eV     1   --> A_1  D_1  S_1  
     e( 14 - 14) =      9.65770  eV     1   --> A_2  D_2  S_2  
     e( 15 - 15) =     10.96548  eV     1   --> B_1  D_3  S_3  
     e( 16 - 16) =     12.12406  eV     1   --> B_2  D_4  S_4  

 **************************************************************************

 **************************************************************************

                    xk=(   0.00000,   0.00000,   0.00000  )

     point group D_6h(6/mmm)
     there are 12 classes
     the character table:

       E     2C6   2C3   C2    3C2'  3C2'' i     2S3   2S6   s_h   3s_d  3s_v 
A_1g   1.00  1.00  1.00  1.00  1.00  1.00  1.00  1.00  1.00  1.00  1.00  1.00
A_2g   1.00  1.00  1.00  1.00 -1.00 -1.00  1.00  1.00  1.00  1.00 -1.00 -1.00
B_1g   1.00 -1.00  1.00 -1.00  1.00 -1.00  1.00 -1.00  1.00 -1.00  1.00 -1.00
B_2g   1.00 -1.00  1.00 -1.00 -1.00  1.00  1.00 -1.00  1.00 -1.00 -1.00  1.00
E_1g   2.00  1.00 -1.00 -2.00  0.00  0.00  2.00  1.00 -1.00 -2.00  0.00  0.00
E_2g   2.00 -1.00 -1.00  2.00  0.00  0.00  2.00 -1.00 -1.00  2.00  0.00  0.00
A_1u   1.00  1.00  1.00  1.00  1.00  1.00 -1.00 -1.00 -1.00 -1.00 -1.00 -1.00
A_2u   1.00  1.00  1.00  1.00 -1.00 -1.00 -1.00 -1.00 -1.00 -1.00  1.00  1.00
B_1u   1.00 -1.00  1.00 -1.00  1.00 -1.00 -1.00  1.00 -1.00  1.00 -1.00  1.00
B_2u   1.00 -1.00  1.00 -1.00 -1.00  1.00 -1.00  1.00 -1.00  1.00  1.00 -1.00
E_1u   2.00  1.00 -1.00 -2.00  0.00  0.00 -2.00 -1.00  1.00  2.00  0.00  0.00
E_2u   2.00 -1.00 -1.00  2.00  0.00  0.00 -2.00  1.00  1.00 -2.00  0.00  0.00

     the symmetry operations in each class and the name of the first element:

     E        1
                                                                 
     2C6      5    6
                                                                 
     2C3      7    8
                                                                 
     C2       2
                                                                 
     3C2'     4   12   11
                                                                 
     3C2''    3    9   10
                                                                 
     i       13
                                                                 
     2S3     17   18
                                                                 
     2S6     19   20
                                                                 
     s_h     14
                                                                 
     3s_d    16   24   23
                                                                 
     3s_v    15   21   22
                                                                 

     Band symmetry, D_6h(6/mmm) point group:

     e(  1 -  1) =    -21.49807  eV     1   --> A_1g           
     e(  2 -  2) =     -9.64428  eV     1   --> A_2u           
     e(  3 -  4) =     -4.91983  eV     2   --> E_2g           
     e(  5 -  5) =      1.32930  eV     1   --> A_1g           
     e(  6 -  6) =      2.09867  eV     1   --> A_2u           
     e(  7 -  7) =      2.27214  eV     1   --> A_1g           
     e(  8 -  8) =      4.00973  eV     1   --> A_2u           
     e(  9 -  9) =      4.67735  eV     1   --> A_1g           
     e( 10 - 11) =      6.46329  eV     2   --> E_1u           
     e( 12 - 12) =      7.44465  eV     1   --> A_2u           
     e( 13 - 13) =      8.40473  eV     1   --> A_1g           
     e( 14 - 14) =      9.66902  eV     1   --> B_1g           
     e( 15 - 15) =     10.96017  eV     1   --> B_2u           
     e( 16 - 16) =     12.12003  eV     1   --> A_2u           

 **************************************************************************

     BANDS        :     44.19s CPU     51.56s WALL


   This run was terminated on:  18: 3:29  18Sep2026            

=------------------------------------------------------------------------------=
   JOB DONE.
=------------------------------------------------------------------------------=
